"seriesNumber","title","sourceFile","publishFile","chineseChars","status","zhihuUrl"
"0","我用4,050篇公开文本，重建了岐伯的思想体系","research/zhihu/00_系列总序.md","research/zhihu/00_系列总序.md","1391","READY",""
"1","岐伯公开文本系统研究（01）｜从四千篇平台文本到作者内部思想重建：研究方法、证据等级与质量控制","research/papers/00_研究方法与证据规范.md","research/zhihu/articles/01_00_研究方法与证据规范.md","4461","READY",""
"2","岐伯公开文本系统研究（02）｜九年四千篇问答：岐伯公开文本的语料结构、平台迁移与解释边界","research/papers/01_语料画像.md","research/zhihu/articles/02_01_语料画像.md","4193","READY",""
"3","岐伯公开文本系统研究（03）｜实践伦理的工程学：岐伯公开文本的思想体系重建","research/papers/02_实践伦理的工程学_思想体系总论.md","research/zhihu/articles/03_02_实践伦理的工程学_思想体系总论.md","8087","READY",""
"4","岐伯公开文本系统研究（04）｜伦理作为社会技术：岐伯文本中的权力、互惠与社会资本","research/papers/03_伦理作为社会技术_权力互惠与社会资本.md","research/zhihu/articles/04_03_伦理作为社会技术_权力互惠与社会资本.md","12175","READY",""
"5","岐伯公开文本系统研究（05）｜从基本照护到家族记忆：岐伯文本中的家庭、亲属与代际秩序","research/papers/04_家庭与亲属秩序.md","research/zhihu/articles/05_04_家庭与亲属秩序.md","13073","READY",""
"6","岐伯公开文本系统研究（06）｜从愿人得好到再次自愿：岐伯文本中的亲密关系、婚姻与分离秩序","research/papers/05_亲密关系与婚恋.md","research/zhihu/articles/06_05_亲密关系与婚恋.md","11151","READY",""
"7","岐伯公开文本系统研究（07）｜从志业到职业母港：岐伯职场、组织与协作秩序的内部重建","research/papers/06_职场组织与协作.md","research/zhihu/articles/07_06_职场组织与协作.md","13933","READY",""
"8","岐伯公开文本系统研究（08）｜从服从世界到治理处境：岐伯（q9adg）实践思想体系总论","research/papers/07_从服从世界到治理处境_思想体系总论.md","research/zhihu/articles/08_07_从服从世界到治理处境_思想体系总论.md","6610","READY",""
"9","岐伯公开文本系统研究（09）｜从有质量的错误到教育权柄：岐伯文本中的学习、能力形成与教育秩序","research/papers/08_可错知识与教育实践.md","research/zhihu/articles/09_08_可错知识与教育实践.md","11175","READY",""
"10","岐伯公开文本系统研究（10）｜从共同世界到可修正行动：岐伯文本中的知识、证据与论证程序","research/papers/09_定义达意与批评_论证修辞研究.md","research/zhihu/articles/10_09_定义达意与批评_论证修辞研究.md","10046","READY",""
"11","岐伯公开文本系统研究（11）｜财富、劳动与经济伦理：岐伯文本中的资源、事业、市场与分配","research/papers/10_财富劳动与经济伦理.md","research/zhihu/articles/11_10_财富劳动与经济伦理.md","15728","READY",""
"12","岐伯公开文本系统研究（12）｜上帝、自然法与人的行动：岐伯宗教思想的八层内部重建","research/papers/11_宗教自然法与世俗论证.md","research/zhihu/articles/12_11_宗教自然法与世俗论证.md","19772","READY",""
"13","岐伯公开文本系统研究（13）｜国家、法律、秩序与公民异议：岐伯（q9adg）政治—法律思想的结构与张力","research/papers/12_国家法律秩序与公民异议.md","research/zhihu/articles/13_12_国家法律秩序与公民异议.md","10353","READY",""
"14","岐伯公开文本系统研究（14）｜从工业基础到文明眠种：岐伯文本中的技术、产业、智能与历史继承","research/papers/13_技术文明产业路径与历史经验.md","research/zhihu/articles/14_13_技术文明产业路径与历史经验.md","13494","READY",""
"15","岐伯公开文本系统研究（15）｜心理、创伤、焦虑、孤独、自尊与主体修复：岐伯文本的内部重建","research/papers/14_心理主体修复与情绪劳动.md","research/zhihu/articles/15_14_心理主体修复与情绪劳动.md","8215","READY",""
"16","岐伯公开文本系统研究（16）｜从公共论辩到生活伦理？岐伯文本2017—2026年的历时变化、平台迁移与命题分化","research/papers/15_从公共论辩到生活伦理_历时演变研究.md","research/zhihu/articles/16_15_从公共论辩到生活伦理_历时演变研究.md","8336","READY",""
"17","岐伯公开文本系统研究（17）｜从平权到不被物化：岐伯文本中的性别、身体、性、同意与照料","research/papers/16_性别身体性与同意.md","research/zhihu/articles/17_16_性别身体性与同意.md","12356","READY",""
"18","岐伯公开文本系统研究（18）｜全量概念网络与命题分布：4,050篇岐伯文本的定量辅助重建","research/papers/17_全量概念网络与命题分布.md","research/zhihu/articles/18_17_全量概念网络与命题分布.md","5716","READY",""
"19","岐伯公开文本系统研究（19）｜责任、自由与成本：岐伯文本中的跨领域行动结构","research/papers/18_责任自由成本的跨域结构.md","research/zhihu/articles/19_18_责任自由成本的跨域结构.md","5763","READY",""
"20","岐伯公开文本系统研究（20）｜不是一套无缝教义：岐伯文本的内部张力与条件差异","research/papers/19_内部张力与条件差异.md","research/zhihu/articles/20_19_内部张力与条件差异.md","4039","READY",""
"21","岐伯公开文本系统研究（21）｜岐伯核心概念词典与语义结构：三十个概念的内部重建","research/papers/20_核心概念词典与语义结构.md","research/zhihu/articles/21_20_核心概念词典与语义结构.md","11350","READY",""
"22","岐伯公开文本系统研究（22）｜从作者术语到行动语法：岐伯核心概念的层级、转义与连接方式","research/papers/21_作者术语与行动语法.md","research/zhihu/articles/22_21_作者术语与行动语法.md","5635","READY",""
"23","岐伯公开文本系统研究（23）｜核心命题谱系与论证类型：岐伯文本中的问题拆解、推理动作与行动结论","research/papers/22_核心命题谱系与论证类型.md","research/zhihu/articles/23_22_核心命题谱系与论证类型.md","7427","READY",""
"24","岐伯公开文本系统研究（24）｜平台控制后的概念迁移：岐伯文本2018—2026年的原词分布与文章级配对","research/papers/23_平台控制后的概念迁移与历时配对.md","research/zhihu/articles/24_23_平台控制后的概念迁移与历时配对.md","4424","READY",""
"25","岐伯公开文本系统研究（25）｜条件不是附注：岐伯文本二十五组内部张力的扩展重建","research/papers/24_扩展内部张力与条件矩阵.md","research/zhihu/articles/25_24_扩展内部张力与条件矩阵.md","6651","READY",""
"26","岐伯公开文本系统研究（26）｜从病患主体到公共卫生：岐伯文本中的医疗、疾病与照料秩序","research/papers/25_医疗疾病与照料秩序.md","research/zhihu/articles/26_25_医疗疾病与照料秩序.md","7873","READY",""
"27","岐伯公开文本系统研究（27）｜从怀疑到重返合作：岐伯文本中的犯罪、刑罚与司法秩序","research/papers/26_犯罪刑罚与司法秩序.md","research/zhihu/articles/27_26_犯罪刑罚与司法秩序.md","14369","READY",""
"28","岐伯公开文本系统研究（28）｜从胜利定义到修和之礼：岐伯文本中的战争、军事与外交秩序","research/papers/27_战争军事外交与大国秩序.md","research/zhihu/articles/28_27_战争军事外交与大国秩序.md","10902","READY",""
"29","岐伯公开文本系统研究（29）｜从价值辨认到秩序中心：岐伯文本中的艺术、审美与文化生产","research/papers/28_艺术审美与文化生产.md","research/zhihu/articles/29_28_艺术审美与文化生产.md","10947","READY",""
"30","岐伯公开文本系统研究（30）｜从有根消息到公共器具：岐伯文本中的媒体、舆论与公共认知秩序","research/papers/29_媒体舆论与公共认知秩序.md","research/zhihu/articles/30_29_媒体舆论与公共认知秩序.md","9451","READY",""
"31","岐伯公开文本系统研究（31）｜从必死信念到历史存在：岐伯文本中的死亡、祭祀与纪念秩序","research/papers/30_死亡祭祀与纪念秩序.md","research/zhihu/articles/31_30_死亡祭祀与纪念秩序.md","12559","READY",""
"32","岐伯公开文本系统研究（32）｜从文化认同到与异己共存：岐伯文本中的民族、族群与身份秩序","research/papers/31_民族族群与身份秩序.md","research/zhihu/articles/32_31_民族族群与身份秩序.md","13079","READY",""
"33","岐伯公开文本系统研究（33）｜从应付自然到管理文明：岐伯文本中的生态、能源与自然秩序","research/papers/32_生态能源与自然秩序.md","research/zhihu/articles/33_32_生态能源与自然秩序.md","12024","READY",""
"34","岐伯公开文本系统研究（34）｜从提问者到文明协调：岐伯文本中的人工智能、机器与未来秩序","research/papers/33_人工智能机器与未来秩序.md","research/zhihu/articles/34_33_人工智能机器与未来秩序.md","12062","READY",""
