term,author_usage,adjacent_concepts,boundary_or_opposite,domains,conditions_exceptions,representative_id,representative_title,source_quote,chronology,evidence_type
"责任","主体通过主动承担责任取得相应的权力和资源，并由此对冲不可逃避的义务；责任范围必须得到精确定义。","授权；信用；劳动；义务","逃责；责任范围含糊；无能力承担","家庭；职场；组织；财富","必须先界定对象、范围和能力；主动责任与不可逃避的义务并不相同。","ca0b2dd4-e67a-5243-a150-98c3b33953c1","赤手空拳","然而主动承担责任、通过责任获取权力和资源才是对冲义务的重压、获得主动的自由的正道。","2026年文本为明确界定式用法；2020年《财富观》已有财富即责任。","明示命题+跨文重复"
"自由","人在不违法且自行承担成本时作出决定的空间；爱和支持不能取消异议，也不能抬高本来已有的自由成本。","选择；退出；自主；责任","控制；非法阻挠；以爱为名加码","亲子；婚恋；公共生活","成年、自有劳动所得且不违法是《一寸欢喜》的明确条件；自由不等于免除后果。","8db8f172-3520-5077-a078-2c9578ebaf39","一寸欢喜","爱的第一要义是要接受人的自由。","2026年出现清晰定义；早期文本亦反复讨论自主选择。","明示命题"
"选择","选择从“不拒绝其他选项”开始，以“拒绝其他选项”结束；要害不只在选哪一项，还在何时开放和关闭选项。","自由；成本；后果；妥协","强迫；代替决定；以善意取消自主","亲密关系；家庭；公共争论","选择必须建立在事实和可承受后果上；违法或把成本转给无辜者时受到限制。","2cbc96c3-5c3d-5fea-9c8b-45c6c7249136","浮生","选择是从“不拒绝其它选项”开始，到“拒绝其它选项”结束的一种行为。","2026年表达最集中；与早期后果责任论相接。","明示定义"
"成本","行动前应预测一件事从头到尾的全部成本，并设法负担这些成本；他人的支持只是可以设想的办法之一。","总账；责任；效能；可持续性","免费幻觉；只算眼前；成本外部化","经济；家庭；组织；技术","成本不是单独否决行动的理由；要与收益、责任主体和时间尺度合并计算。","660c2ce5-bb23-5c33-9b63-fdd242332b73","唯一对手","所以你要达成这个心愿，一共有两步——第一，做出这件事从头到尾的全部成本预测；第二，想方设法负担这个成本。","2018年已用于技术和生存分析；2026年广泛进入关系与组织论。","明示行动规则+跨文重复"
"总账","把短期得失、长期容错、关系安全、机会与隐性代价放进同一账户，不以单项输赢下结论。","成本；信用；安全；长期主义","局部账；即时得失；单项指标","家庭；教育；财富；技术","总账依赖时间尺度和被计入对象；不同文章可采用不同账期。","171a8ff5-4f98-5575-849e-46da57be1d50","伤绳","算账一定要算总账，这一点关节，父母们一定要心里有数。","原词最迟2018年出现，2023年和2026年在生活、制度与家庭核算中较集中。","明示命题+跨文重建"
"能力","完成任务、规划工序和承担责任的现实力量；不能只用身份、学历或自我评价代替实际结果。","效能；规划；成果；责任","身份标签；愿望；无能认同","教育；职场；心理；组织","能力不足与规划不足须区分；接受帮助不自动取消个人功劳。","15e6750c-c146-58ea-b925-3a495204a3ef","三分一又三分一","你不是完成任务的能力不足，而是规划的能力不足。","2026年形成工序化表述；早期文本更常从劳动和成果谈能力。","明示区分"
"信用","他人依据一贯履责、得体处事和可预期行为形成的信任，可转化为借贷、支持和合作机会。","责任；礼仪；社会资本；声誉","失信；不可预期；只求即时占便宜","亲属；职场；经济；组织","信用来自可观察的重复行为；一次姿态不能自动建立。","9af3f757-ffb6-5c9e-b461-afdf9ccea949","奠仪几何","这些认同随后都是你的信用和资本，是可以换到真金白银的借贷和支持的。","2026年直接连接信用与资本；早期财富文本已有受托和声誉机制。","明示命题"
"爱","先行关切并对对方的回应持续投入；爱可包含反对，但须承认对方自由，并保持对关系的净贡献。","关切；赞赏；净输出；自由","挑剔先行；占有；以爱索债","亲子；婚恋；友情；公共伦理","爱不等于赞成一切；不能以爱取消对方自由，也不要求无限透支自己。","8bc2c71a-1303-5254-a513-fdb710fb8876","小小红花","是爱生赞赏，而不是赞赏生爱。","2026年定义密集；2020年前后文本已将爱与正外部性、责任连接。","明示命题+跨文重复"
"净输出","关系中的爱应持续给对方带来净增益，而不是以付出为名索取更多、转嫁代价或制造亏空。","爱；正外部性；不掠夺；成本","索债式付出；情绪绑架；净掠夺","婚恋；家庭；财富伦理","净输出不等于无限供给；输出必须可持续，必要时可降低强度或退出。","5530ea69-662b-5400-8fae-ad0a0a325e38","一碗油盐饭","第一要害，就是要坚定的咬住“爱必须坚持净输出”的原则。","原词最迟2019年出现，2019—2026年共18篇直接使用，2023年《录取线》给出集中定义。","明示命题"
"不掠夺","在关系中克制把对方的资源、劳动或自由转成自身收益，并把这种克制与独立自给、净赠与和可信赖联系起来。","净输出；边界；权利；成本承担","侵占；把成员当资源；成本外部化","亲密关系；组织；公共行动","维护自己利益不等于掠夺；直接原词只见于少数文章，不能把所有反占用判断都改写成作者自称的统一原则。","9a72db20-919b-5a27-839d-2a80125dc09b","赛道","这个“爱是建立在不掠夺基础上的净输出”的自觉，才是这个考场的考试内容。","原词最迟2021年出现，2021—2026年共5篇直接使用，2025年《赛道》集中展开。","明示命题+跨文重建"
"授权","批评权须先由被批评者授予；批评者原则上不能自我授权，也不能擅自超出对方授予的范围。","责任；权柄；程序；服从","私自执法；越权；道德自封","组织；法律；家庭；公共秩序","紧急自卫与正式执法须区分；授权范围之外仍需程序。","11ad7ad3-87eb-5681-93e2-de3e21cbd8a2","批评","原则上你不能自我授权，也不能擅自超出对方的授权范围（比如你是医生对方是来求诊牙疼的病人，你就不能借此条件去批评对方的公司经营或者哲学立场）。","2026年权柄与批评授权论清晰；早期国家法律文本已有服从与程序讨论。","明示禁令+跨文重复"
"服从","主体基于对他人的爱与信任，或基于对自身超越性诉求的坚持，自主选择在具体问题上违逆自己的安逸本能。","授权；秩序；责任；异议","盲从；越权命令；私人支配","国家；职场；家庭；军事","服从的根据不是对方更强，而是爱与信任、理性判断、契约或自身超越性诉求；文本同时保留异议和退出。","8859afe4-31fa-5b72-a79a-675c16950c82","服从","服从是基于对他人的爱的信任或对自己超越性诉求的坚持，而自己选择了在具体问题上违逆自己的安逸本能。","2026年给出集中定义；早期文本更多讨论秩序。","明示定义+跨文重复"
"退出","当一个人只有自己的利益被侵占，而组织其他成员共享侵占所得时，他在该组织中只是资源而非成员，行动建议是尽快离开。","边界；选择；止损；自由","无限忍耐；以退出逃避既有义务","职场；亲密关系；组织；市场","退出不能抹去已经产生的责任和赔偿；也不必等到所有人同意。","4323b869-06ea-5335-a116-9418e052e7a4","靶向药","如果从头到尾只有你一个人的利益被侵犯，而这个人非常聪明，懂得把从你这里掠夺的利益和别人瓜分，那么你的问题就不是如何争取利益，而是要赶紧走人，因为在这种情况下，你根本就不是这个组织的成员，而只是ta们的资源。","2026年行动建议常见；早期文本已有市场退出和关系止损。","明示条件性建议+跨文重复"
"礼仪","礼仪有内在的精神意义和外在的政治意义；前者改变直接参与者的信念与认知，后者通过展示影响力改变参与者、举办者和观看者之间的关系。","伦理；信用；社会资本；体面","失礼；喧宾夺主；只剩形式","亲属；婚礼；职场；公共交往","礼仪必须服务真实责任和关系结构；形式若遮蔽主角或成本，会改变性质。","6f4bef26-7da0-52f4-ba36-4b31bc224b4d","喧宾夺主","礼仪有两个层面的价值——内在的精神意义和外在的政治意义。","2026年场景化定义丰富；早期文本亦重视礼数和秩序。","明示区分+跨文重复"
"社会资本","个人的社会资本包括声望、信誉、易合作性、低报复性和建设性等可转化为优质社会关系的本钱，是重要的非货币、非实物资产。","信用；礼仪；互惠；关系账户","孤立占便宜；透支关系；虚假姿态","家庭；亲属；职场；社区；公共秩序","必须以可持续的真实行为积累；不能把一次操纵直接视为稳定资本。","8be80072-b42a-569b-9b77-f4ca432b3fea","面子","个人的社会资本——也就是声望、信誉、易合作性、低报复性、建设性……等等等等容易转化为优质社会关系的“本钱”——是一个人非常重要的非货币、非实物资产。","原词最迟2020年出现，2020年用于全球化分析，2024年《面子》给出集中定义。","明示定义+跨文重复"
"劳动","劳动为产出赢得一张抽奖券，却不保证开奖；劳动与回报之间仍隔着不确定的抽奖结果。","能力；效能；财富；祈祷","空愿望；无效消耗；只凭身份索取","经济；家庭；职业；宗教伦理","劳动不保证特定回报；运气、公共条件和他人协作仍被计入。","2133f3d8-4ccb-5c0f-9c09-1539ab21c794","财富观","劳动与产出的关系，更准确的描述是劳动只是为你赢得了一张抽奖券，这张奖券是否会开到奖，还要看抽奖结果。","2020年财富伦理集中论述；2026年扩展为家庭和组织分工。","明示比喻+跨文重复"
"效能","行动在现实条件下产生预期结果的能力；善意、努力或立场不能替代效果检验。","能力；技术路径；反馈；可持续性","无效坚持；只看动机；不可验证","教育；技术；公益；组织","效果须受事实、规律和实验支持；低概率改善仍可构成行动理由。","c0242e43-fb16-5f73-8461-49d9bed4f8d1","艰难谈话的基本原则","它们的效能，是尽可能的激发对方的善意和积极态度，尽可能友好的达成你要的结果。","2026年直接以是否达成预期结果说明效能；早期文本已以有效劳动和可持续性表达。","明示命题+跨文概念重建"
"自然法","狭义自然法只包含智慧生命必然共同遵守的伦理法则；其他文本还以客观规律、成本和反馈等语言展开相关判断。","规律；成本；可持续性；天意","主观善意；一次侥幸；任意命令","宗教；财富；生态；社会秩序","自然法在不同文章中有宗教和世俗两种语言，二者不能被视为完全同义。","4e7ea5d1-018f-5e57-839c-f91e3065007d","自然法","所谓的狭义，是指这种自然法仅仅只包含智慧生命所必然共同遵守的伦理法则。","2021年给出狭义自然法的明示定义；前后文本另以客观规律、成本和反馈扩展其用法。","明示定义+跨文分析性重建"
"伦理","为行为设置可预期轨道的规则和实践技术，使失礼、失德与声誉后果共同约束选择。","礼仪；责任；信用；社会资本","只讲私利；任意强迫；空泛说教","家庭；亲属；职场；公共生活","伦理手段须嵌入可被理解的正当责任；文本不把所有强制都称为伦理。","9af3f757-ffb6-5c9e-b461-afdf9ccea949","奠仪几何","伦理其实是一件武器","2026年出现直接工具性定义；早期文本更多以自然法和责任表达。","明示命题"
"尊重","承认对方原有能力，并把自己的担心和帮助理解为可能多余的介入；帮助者请求对方宽容自己的脆弱与多疑，而不把介入当成功劳。","自由；边界；不居功；信任","控制；居功；以保护换取青睐","性别；亲密关系；职场；家庭","单次表态不能证明尊重；须看长期冲突中是否居功和越界。","03c701aa-9760-5272-9215-6de6a61ce6f9","尊者","“我知道你应该自己搞得定，是我多余担心，但请你原谅我的脆弱和多疑，让我可以做这些来安抚我自己”。","2026年定义明确；早期文本亦有承认自主和拒绝权。","作者拟写话语+明示解释"
"边界","朋友身份不是放宽边界的许可证；窥探或出卖隐私、占用财物、借交情绑架帮助等越界行为，作为朋友反而特别不能做。","尊重；授权；退出；隐私","角色混同；越界；无限责任","服务业；亲密关系；家庭；组织","边界可随角色和场景切换；工作礼貌不等于开放私人关系。","95d56649-1036-5b30-b30e-c5c1c7f93fb4","朋友合伙","越过边界的事，例如窥探隐私、出卖隐私、借便利占用财物、借交情绑架获取帮助等等这些事，别人可以做，作为朋友，不但不是“更可以做”，反而是特别不能做。","2026年关系边界表述密集；早期文本以职责范围表达。","明示禁令+跨文重复"
"合作","各方贡献数据、流程、稳定环境和劳动，并能分享功劳与收益的共同产出关系。","分功；感谢；责任；互惠","单人吞功；把同事视为阻碍；单向索取","职场；家庭；组织；产业","贡献可以是直接劳动，也可以是提供未被破坏的稳定环境；感谢不能替代实际分配。","359095f1-02f7-5cfb-ac88-a2add28d06ca","后半句","事情要做好，还要让同事们分得到功劳。","2026年组织场景集中；早期文本已有分工和互惠。","明示命题"
"经验","对事件、成败和环境的记录经整理后形成可传递判断，用于后来者应对变化。","记录；数据；智慧；规划","神谕式完备真理；忘却；只凭抽象推演","历史；教育；技术；家庭","经验不保证直接复制成功；必须结合新条件修正。","3d0daabb-8f65-5e52-b6b0-03280864f723","史不绝书","数据出经验，经验出智慧，智慧保繁荣。","2026年明确提出链条；早期教育和技术文本已依靠经验。","明示命题"
"技术路径","在现有约束下先做出可运行方案，并通过工具、工艺和迭代积累逐步改进，而非只比较理论单项指标。","效能；经验；可实现性；产业能力","参数崇拜；一次性终局；不可制造的上限","科技；产业；教育；组织","路线优势是条件性机会，不等于已经获胜；须保留后续变体。","afd418f9-36d1-5652-8f90-188680e6cfbf","胜半子","因为我们目前做不出小单元格，所以我们决定用大单元格叠两层的办法解决问题。","2026年半导体文本直接呈现；2018年狩猎文本已有系统成本思路。","文章级明示+跨文重建"
"焦虑","焦虑来自前途命运受影响而结果又不能由自己决定所生的恐惧；适度焦虑是正常、积极、健康且必要的，主体需要学习与之共处。","安全；规划；无能认同；信任","麻木；无限巡查；自我戕害","心理；育儿；教育；工作","不能把所有焦虑都当作应消除对象；需区分适度训练、现实风险与自我叠加。","b8f88d55-2aa2-5e96-9a9d-4c486b4f4f42","适度焦虑","焦虑就像通货膨胀，多少有一点不但是正常的，甚至是积极的、健康的、必要的。","2026年给出适度焦虑的集中定义；早期文本多从风险和竞争解释。","明示定义+跨文重复"
"尊严","尊严是使主体能够尊敬自己的东西，不是用来迫使他人尊重自己的工具；贫困本身不自动取消尊严。","尊重；能力；功劳；边界","羞辱；跪求；把帮助等同于无能","亲密关系；教育；职场；家庭","尊严不等于拒绝帮助；关键在于主体是否仍能尊敬自己，而非别人是否献上服从。","9697031a-e0f0-53fd-bdd9-11d215c22214","穷得没尊严","尊严是让你自己可以尊敬自己的东西。","2026年给出直接定义；早期关系文本已有反羞辱判断。","明示定义"
"宽容","关系双方都容许对方对自己的积极付出不必激动，同时继续随性分享并信赖对方的宽容，由此形成双重稳定结构。","松弛；道歉；信任；长期关系","时时照顾；强迫热情；故意伤害","友情；婚恋；职场","宽容不包括故意冷漠和伤害；需求长期不匹配时可承认无法承担。","ed1a358b-b31d-5945-b776-b8573ecaa0c4","松则久","这样双方都宽容对方对自己积极付出的“不激动”权，并且继续着自己的随性快乐分享、信赖对方的宽容，就形成了双重稳定的结构。","2026年关系文本集中；早期文本已有容错性。","明示关系机制"
"妥协","接受无法对抗或回避的要求后，在不违背自然法禁令和爱的原则底线上，尽量兼顾自身理想，形成折衷方案。","宽容；自由；和平；成本","除恶务尽；消灭异议；无限让步","公共秩序；家庭；组织；关系","妥协不是取消底线；在该文中，自然法禁令和爱的原则构成不可伸缩部分，个人理想是可伸缩部分。","5ee11a26-89b1-5293-b168-468e96e31c3e","论妥协","换句话来说，我的妥协是在不违背自然法禁令和爱的原则底线上，尽可能兼顾我自己理想的折衷方案。","2026年给出集中定义；早期关系文本多用协商。","明示定义"
"纪念","对亡者不严谨、不礼貌，实际受伤的是生者；悼亡与纪念因而进入生者的意义、情感和共同记忆。","记录；家族；爱；传承","遗忘；绝祀；只剩现世即时收益","家庭；历史；礼仪；文明","纪念不等于证明亡者仍获现实利益；文章重点是其对生者意义的作用。","a604bf02-e52d-5e1f-91c6-81dfade38ed7","悼亡存活","不严谨、不礼貌的对待亡者，其实真正受伤的是生者。","2026年集中表达；早期历史与家庭文本已有祖先传承。","明示命题"
"记录","把经验、功过、灾难和工序保存为后来者可调用的数据，使一代人的损失不必从零重复。","经验；智慧；历史；传承","遗忘；只争正统；无材料的断言","历史；家庭；技术；治理","记录需要在新情境中解释，不能把旧案例机械复制为永恒答案。","3d0daabb-8f65-5e52-b6b0-03280864f723","史不绝书","中国人没有神谕，只有经验，所以热爱记录历史。","2026年明确提出中国记录论；早期语料本身持续采用案例积累。","明示命题"
