"propositionId","proposition","textualFunction","evidenceType","premises","reasoningMove","conclusionOrAction","conditionsExceptions","rebuttalTarget","domains","supportingIds","counterpointIds","representativeQuote","representativeId","representativeTitle","representativeDate","representativeUrl","chronology","primaryArgumentType","secondaryArgumentTypes"
"P01","伦理可以把责任、礼数和声誉后果组织成行为轨道。","机制命题","明示定义+行动示范","当事人先履行自身责任；对方受亲属礼数与声誉约束。","把直接索取改写为先付款、再索账；通过选项设计使合宜行为成为最佳选择。","先承担葬礼费用，再以还礼责任取得明细，使余款自然显现。","轨道成立依赖提问者先履责、理由堂正且愿意接受可能亏本。","只问有没有余钱、把伦理理解成空洞礼貌。","伦理；礼仪；亲属；社会资本","9af3f757-ffb6-5c9e-b461-afdf9ccea949;4323b869-06ea-5335-a116-9418e052e7a4","","伦理其实是一件武器，学会巧妙的运用，你可以为人的行为设立强硬的轨道，随时可以限制住事态向你不希望的方向发展。","9af3f757-ffb6-5c9e-b461-afdf9ccea949","奠仪几何","2026-07-17","https://www.ifdian.net/p/85097b3e7bd011f1978652540025c377","2026：从具体葬礼处置上升为伦理的轨道功能。","顺序反转","行动接口"
"P02","关切先改变观察方式，赞赏是爱发生后的结果，不是爱的录取条件。","发生命题","对比论证+明示命题","招聘式筛选先看价值；亲子关切会放大微小回应的意义。","对比“先证明值得”与“先关切再发现闪光”。","不等待对方完美才允许关切；在已有关切中识别进步。","说明爱如何发生，不单独判定行动是否给对方带来净收益。","把挑选优点误作爱的生成机制。","爱；亲子；赞赏；关系认知","8bc2c71a-1303-5254-a513-fdb710fb8876;bc0b8aa6-c51e-5c02-8b44-64f7c256154f","bc0b8aa6-c51e-5c02-8b44-64f7c256154f","是爱生赞赏，而不是赞赏生爱。","8bc2c71a-1303-5254-a513-fdb710fb8876","小小红花","2026-07-15","https://www.ifdian.net/p/8a2ac9c67a4311f1887f5254001e7c00","2023的净输出判定与2026的关切发生论形成两层。","顺序反转","概念拆分"
"P03","爱的行动判准是不求回报地给对方形成净输出。","判定命题","明示定义+账本计算","付出可能同时含收费、损失、赔偿与心理索债；动机不能代替结果。","分开经济账和心理账，以可替代方案与净增益判断。","允许交换和合理利润，但不得把感谢、记住或回报变成对方债务。","净输出可很小；做得不出色不等于完全不是爱；造成损失仍须赔偿。","免费即爱、付出即爱、对方感激才算爱。","爱；交换；成本；净输出","bc0b8aa6-c51e-5c02-8b44-64f7c256154f;9a72db20-919b-5a27-839d-2a80125dc09b","f6fe9e2d-ca06-5a84-82b6-b7fe1d331120","爱的定义非常单纯——“不求回报的净输出”","bc0b8aa6-c51e-5c02-8b44-64f7c256154f","录取线","2023-05-20","https://www.zhihu.com/question/599385566/answer/3036675225","2019后零散出现净输出；2023获得公式化定义；2025扩展到不掠夺。","明示定义","账本与净值"
"P04","亲密关系的竞争若存在，其方向应是以不掠夺和净赠与奖励彼此克制。","边界命题","公式化类比+反转","独立者未必需要更多财物，但需要确认亲密者不会夺取其自由和资源。","把“争夺更多”反转为“争着不争”，用净收益检查关系。","保持自给与不掠夺，让爱增加对方自由而非制造净亏损。","不掠夺不等于不投入；双方仍可交换并相互净赠与。","把爱理解为占有赛道、用牺牲换控制。","爱；不掠夺；自由；亲密关系","9a72db20-919b-5a27-839d-2a80125dc09b;61ba1ab9-4f3d-54b2-8b54-a8ab10fb71aa","87a46d99-4c5e-509d-8c58-adf6dc2ed5fc","爱如果是竞争，那么它争的就是不争。","9a72db20-919b-5a27-839d-2a80125dc09b","赛道","2025-12-10","https://www.zhihu.com/question/1980626690943242269/answer/1982078262525048744","2021后“不掠夺”零散出现，2025在《赛道》中集中公式化。","顺序反转","账本与净值"
"P05","爱的生产性核心是劳动及人与客观世界的有效关系。","目的命题","明示定义+因果归约","人际内耗消耗生产能力；匮乏会加剧对有限净收益的争夺。","把人际改善设为准备条件，再把新增财富追溯到劳动与自然。","解除关系摩擦后进入学习、生产和创造，增加可分配净收益。","该命题说明爱的目的重心；关系中的自由、净输出和不掠夺仍构成前置条件。","把爱停留在互相安慰而不进入生产。","爱；劳动；自然；生产；分配","f6fe9e2d-ca06-5a84-82b6-b7fe1d331120;2594339e-ab47-562d-bee7-c56fbb2ca325","bc0b8aa6-c51e-5c02-8b44-64f7c256154f;61ba1ab9-4f3d-54b2-8b54-a8ab10fb71aa","爱的核心关系，是你和自然界的关系。","f6fe9e2d-ca06-5a84-82b6-b7fe1d331120","爱的核心","2024-12-16","https://zhuanlan.zhihu.com/p/12881832004","2023关系核算；2024生产核心；2025劳动享受与合作剩余继续展开。","单项扩展为系统","行动接口"
"P06","爱首先承认对方的自由，反对不应抬高对方原有自由的成本。","权利命题","关系拆分+边界推论","赞成、资助、反对、阻止是不同动作；成年主体能以自己的资源行动。","将“爱就必须支持”拆成支持权与自主权。","父母可表达反对；成年子女在合法且自担后果时保留决定。","自由不等于父母必须出资，也不取消行动者承担生活后果。","把不支持等同于可以控制，或把爱等同于无条件赞成。","爱；自由；亲子；自主","8db8f172-3520-5077-a078-2c9578ebaf39;61ba1ab9-4f3d-54b2-8b54-a8ab10fb71aa","61843e2f-9230-5dc2-adf6-bb7b3416d5f6","爱的第一要义是要接受人的自由。","8db8f172-3520-5077-a078-2c9578ebaf39","一寸欢喜","2026-07-13","https://www.zhihu.com/question/2039110884006604997/answer/2041179100837058049","2024-2026：由关系自由扩展到亲子“不支持但不控制”。","概念拆分","角色与授权重定义"
"P07","照顾只有在承认对方原有能力且不居功索债时接近尊重。","关系判准","动机拆分+长期检验","保护、提示可源自自身担心；一次照顾不能证明尊重。","把照顾者的成本从对方债务中剥离，并观察冲突时是否翻账。","帮助时承认可能多余，为打扰致歉，不以苦劳索取优待。","可提醒和辅助；边界不是完全不介入，而是不把介入转成支配。","以保护之名否认能力、用照料换青睐。","尊重；照顾；性别；不居功","03c701aa-9760-5272-9215-6de6a61ce6f9;61ba1ab9-4f3d-54b2-8b54-a8ab10fb71aa","b5e5a89e-ed07-5580-9414-b882995c136b","真诚的人不会拿这个居功，不会拿这个说“没有功劳也有苦劳”","03c701aa-9760-5272-9215-6de6a61ce6f9","尊者","2026-07-14","https://www.ifdian.net/p/c367153e797411f1812d52540025c377","2025-2026：从情绪边界推进到照顾是否索债的长期检验。","账本与净值","反事实检验"
"P08","无回报的单向情感也必须避免增加对方困扰，并可转化为公共遗产。","转化命题","边界限定+替代路径","个人激情可以真实存在，但对方不因此承担回应义务。","切断“感情强烈→有权接近”的推论，把能量导向创作和公共产出。","避开对方视线，不持续追问；若坚持情感，则转成作品或公共贡献。","允许主体保留情感；限制的是追踪、索取、逼迫和制造损失。","以真爱为由持续进入对方生活。","单恋；自由；边界；公共遗产","61ba1ab9-4f3d-54b2-8b54-a8ab10fb71aa;9a72db20-919b-5a27-839d-2a80125dc09b","","爱是增进对方的自由。","61ba1ab9-4f3d-54b2-8b54-a8ab10fb71aa","无关之爱","2026-02-10","https://afdian.com/p/296b7008060411f1a30b52540025c377","2026：净输出与自由原则被用于无回报情感。","概念拆分","行动接口;角色与授权重定义"
"P09","关系可持续依赖双方容纳不完美反应，而非一方持续透支情绪照顾。","可持续性命题","反事实后果+能力边界","人无法长期对所有分享保持热情；勉强周全会积累疲惫与愧怒。","从短期礼貌推演长期透支及突然翻脸。","按自身余力回应；承认不匹配并道歉，不用虚假热烈维系。","最低回应取决于关系和内容；不等于可以无视明确托付。","为了不失去朋友而时时处处照顾情绪。","友情；宽容；情绪劳动；长期关系","ed1a358b-b31d-5945-b776-b8573ecaa0c4;5e309b60-93d9-5661-bf0e-dc1ff03f3478","5e309b60-93d9-5661-bf0e-dc1ff03f3478","从容轻松，才可长久。","ed1a358b-b31d-5945-b776-b8573ecaa0c4","松则久","2026-07-14","https://www.zhihu.com/question/308348833/answer/2042325192739927037","2025强调托付过程，2026补入照顾能力的上限。","反事实检验","阈值与红线"
"P10","表达情绪是消化后的说明，发泄则把他人拖入尚未结束的痛苦。","区分命题","定义+火场类比","痛苦真实不自动授权攻击；说明的目的应是理解与避免重演。","以表达发生的时间、控制程度和对听者后果划界。","先控制情绪，再平静说明伤痕、影响和希望如何避免下一次。","责任追究不必然等于发泄；文章主要处理关系中的表达方式。","把失控倾倒称作诚实表达。","情绪；沟通；责任；关系修复","d1e94702-6eb1-59d0-9e72-cd48c45a05fe;b5e5a89e-ed07-5580-9414-b882995c136b","96003b50-e514-5b9e-a1c7-56277ba2ba1b","表达情绪是平静的、克制的。","d1e94702-6eb1-59d0-9e72-cd48c45a05fe","表达情绪","2025-10-19","https://afdian.com/p/02265bf2a6c311f08dfe52540025c377","2023隐藏痛苦问题；2025形成表达/发泄的明示区分。","明示定义","阈值与红线;类比迁移"
"P11","爱可以承受连累，但不把侮辱、攻击和归责纳入爱的义务。","红线命题","场景递进+概念划界","困难会给伴侣带来不便；负面情绪与侵害是不同事项。","从不开灯的照顾场景推进到怒吼场景，识别越界点。","可分担困难；越界者须道歉，拒绝承认道歉必要时关系可终止。","偶发连累不等于欠债；文章红线针对惩罚、侮辱与攻击。","以情绪失控为侵害免责。","爱；边界；情绪；退出","b5e5a89e-ed07-5580-9414-b882995c136b;d1e94702-6eb1-59d0-9e72-cd48c45a05fe","ed1a358b-b31d-5945-b776-b8573ecaa0c4","爱接受连累，不接受迫害。","b5e5a89e-ed07-5580-9414-b882995c136b","情绪的边界","2025-02-24","https://afdian.com/p/7feec654f2ab11efb20052540025c377","2025：情绪责任与关系退出被压缩为明确红线。","阈值与红线","反事实检验"
"P12","父母是帮助孩子理解世界的阶段性受托者，不是永久上司。","角色命题","角色重定义+能力转移","儿童初期缺少调查与判断能力；成年后需自行承担判断后果。","把“老人有权命令”改写为“暂时代言世界并训练能力”。","从服从结论转向调查线索、验证原理，逐步收回判断权。","父母经验可作为线索；不因一次未听而否定其价值。","把父母意见设为永久命令，或把反抗当成能力。","家庭；教育；自主；代际","61843e2f-9230-5dc2-adf6-bb7b3416d5f6;8db8f172-3520-5077-a078-2c9578ebaf39","7c19a976-087f-5167-9d0e-23c1b80f67ad","你要吸取的教训不是“以后要听父母的”，而是要训练自己调查线索、验证原理的水平和能力","61843e2f-9230-5dc2-adf6-bb7b3416d5f6","不听老人言","2026-05-10","https://www.zhihu.com/question/1889581579178849918/answer/2033525184934715882","2024家庭环境论；2026将代际权威改写为能力训练。","角色与授权重定义","行动接口"
"P13","家庭决策须计算资源余量、心理容错和长期安全的总账。","总账命题","系统成本+绳索类比","教育和迁移可提高位置，也会耗尽储蓄、现金流和父母安全感。","把单项收益放入家庭资产、容错、情绪和长期支持的同一账本。","保留支持子女探索的余量，不以“尽全力”等同于耗尽资源。","不是否定进城或教育投入；要求比较总账与承受力。","只看眼前机会和名义投入，不看家庭缓冲。","家庭；教育；成本；安全","171a8ff5-4f98-5575-849e-46da57be1d50;118b1ce8-3d30-51f5-82eb-af8a008d0c04","","算账一定要算总账，这一点关节，父母们一定要心里有数。","171a8ff5-4f98-5575-849e-46da57be1d50","伤绳","2026-05-05","https://www.zhihu.com/question/1946636394383515889/answer/2032393124841006935","2026：家庭财务账与心理容错被放入同一总账。","账本与净值","单项扩展为系统;类比迁移"
"P14","父母不能只证明牺牲正确，还要用可持续生活让孩子重新相信家庭可以快乐。","修复命题","后果检验+目标回调","长期缺席已造成痛苦；“为了家”不能改变孩子经验。","从道德辩护转向工作、收入、陪伴和节俭的重新配置。","适当收缩野心、增加陪伴，以日常快乐重建未来家庭信心。","承认父母确有苦衷；不把贫穷本身设为目标。","用牺牲叙事替代关系修复。","家庭；陪伴；工作；心理","118b1ce8-3d30-51f5-82eb-af8a008d0c04;171a8ff5-4f98-5575-849e-46da57be1d50","a15b7aeb-2adf-565c-a240-a4b54cc970ef","ta有信心，重于一切。","118b1ce8-3d30-51f5-82eb-af8a008d0c04","快乐的信心","2026-07-07","https://www.ifdian.net/p/ba5af6c2732511f1b71f5254001e7c00","2024家庭系统方法；2026转向生活样式与代际信心。","行动接口","单项扩展为系统"
"P15","职场成果必须同时包含做好事情与让合作者分到功劳。","合作命题","补全句式+威胁推演","个人产出依赖数据、流程与安定环境；沉默卓越可能被读成威胁。","给“把工作做好”补上感谢和分功的后半句。","明确承认同事贡献，必要时用礼物和公开感谢稳定合作。","不要求放弃个人成果；只把合作部分说清。","把个人能力当作成果的唯一来源。","职场；合作；功劳；信用","359095f1-02f7-5cfb-ac88-a2add28d06ca;05d3be97-1b30-5c13-8330-1c5bb3992838","a15b7aeb-2adf-565c-a240-a4b54cc970ef","事情要做好，还要让同事们分得到功劳。","359095f1-02f7-5cfb-ac88-a2add28d06ca","后半句","2026-07-16","https://www.ifdian.net/p/ed6f1e387afc11f1a7eb52540025c377","2025劳动合作剩余；2026将分功写成职场操作。","概念拆分","行动接口"
"P16","责任与信任、权柄、地位、资源和报酬构成交换结构。","授权命题","重新描述+资源对应","组织把可支配资源交给能承诺结果的人；责任边界可被定义。","把责任从纯负担改写为取得行动权限的接口。","精确定义责任范围；承担后果并使用相应权柄和资源。","强加任务若无对应授权，不自动符合“责任是福利”；能力不足须重新定界。","把去责任理解为只减负而不失去资源。","责任；组织；授权；资源","ca0b2dd4-e67a-5243-a150-98c3b33953c1;fa35c62a-72ac-5f83-806a-cbd66eaef0ab","fa35c62a-72ac-5f83-806a-cbd66eaef0ab","负责任是福利，不是吃亏。","ca0b2dd4-e67a-5243-a150-98c3b33953c1","赤手空拳","2026-07-08","https://www.zhihu.com/question/2007650353663984734/answer/2057207322015949934","2026：责任—授权交换获得集中表述，并由责任分类限定。","角色与授权重定义","概念拆分"
"P17","应区分他人责任、本分责任和自我加码责任，不能用自我美化混账。","分类命题","责任分类+动机揭示","任务来源、合同、能力标准和风险归属不同。","将“我承担很多”拆成三类，并追问是谁提高了标准。","寻找真正责任主体；完成本分；为自我加码造成的成本负责。","新手损失可以是学习成本；不意味着所有损失都应自行吞下。","把越界承担包装成高尚，再把后果归咎他人。","责任；职场；边界；学习","fa35c62a-72ac-5f83-806a-cbd66eaef0ab;ca0b2dd4-e67a-5243-a150-98c3b33953c1","","你真正需要吸取的教训是——要警惕自己自我美化的本能。","fa35c62a-72ac-5f83-806a-cbd66eaef0ab","三斗金","2026-06-29","https://www.zhihu.com/question/14174027046/answer/2055022964362459031","2026：责任交换结构内部进一步分出责任来源。","概念拆分","账本与净值"
"P18","无知可以解释非故意，但不能自动取消后果、赔偿和改进责任。","后果命题","时间拆分+反问","行为时意图与行为后损害是两个问题。","承认“不知道”对主观故意的解释力，再追问谁承担客观损失。","停止用非故意免责；承认、赔偿、修复并改进。","无知影响定罪与怨恨判断；并非一概等于故意作恶。","用“早知道就不会”索取全部免责。","责任；无知；赔偿；学习","951e524d-6eab-50ae-8d22-f39398a118bc;22b8e565-a37b-531a-896d-68604a4264bf","22b8e565-a37b-531a-896d-68604a4264bf","难道你说句“非故意”，就对你造成的损失不承担任何赔偿责任了？","951e524d-6eab-50ae-8d22-f39398a118bc","早知道","2025-09-08","https://afdian.com/p/170ae21486b011f0b4cc52540025c377","2025后果责任；2026《勿苛己》对罪责判断作另一侧限定。","概念拆分","反事实检验"
"P19","面对质疑，主体价值更应由持续产出而非无止境自证维持。","优先级命题","无限回归+受益者重排","每次辩白会提高下一次清白要求；真正等待成果的人承担停工损失。","推演自证的无限升级，并把责任对象从旁观者换成使用者。","承认私人缺憾，继续写作、创作、产品或慈善工作。","产出不取消具体责任；命题针对以名誉争论吞没工作。","以证明完美为先，停止实际贡献。","主体；劳动；名誉；公共产出","a15b7aeb-2adf-565c-a240-a4b54cc970ef;958169e5-e3b9-5a96-85d3-bd541b225541","951e524d-6eab-50ae-8d22-f39398a118bc","你和别人最亲近的关系，永远是你的产出，而不是别的。","a15b7aeb-2adf-565c-a240-a4b54cc970ef","做事第一","2026-07-12","https://www.zhihu.com/question/2056412683122091670/answer/2058533399363637911","2019可错行动；2026将其推进为产出优先。","反事实检验","行动接口"
"P20","财富来自劳动、自然条件、他人和偶然的共同赐予，因此伴随管理责任。","财富命题","归因扩展+托付类比","产出依赖阳光、土地、空气、健康、制度和运气，劳动不是唯一原因。","拆除单一劳动归因，把所得改写为带目的的托付。","以管理者而非绝对所有者姿态使用财富，使其保持可持续。","劳动仍是取得财富的申请和贡献；不是否定劳动功劳。","“我赢来的所以可任意处置”的绝对所有叙事。","财富；劳动；自然；责任","2133f3d8-4ccb-5c0f-9c09-1539ab21c794;f6fe9e2d-ca06-5a84-82b6-b7fe1d331120","bc0b8aa6-c51e-5c02-8b44-64f7c256154f","换句话来说，财富即责任。","2133f3d8-4ccb-5c0f-9c09-1539ab21c794","财富观","2020-05-01","https://www.zhihu.com/question/314627020/answer/1193533378","2020财富托付；2024-2025与生产性爱、劳动享受连接。","单项扩展为系统","类比迁移;角色与授权重定义"
"P21","劳动合作的超额收益可以补偿社交损耗，退出劳动会同时失去修复资源。","合作剩余命题","公式+反事实比较","合作可能产生1+1>2；社交困难会消耗部分收益。","建立“劳动获利－社交损耗＝劳动纯利”，比较参与与退出。","先参与可产生剩余的劳动，用成果和经验降低社交能力门槛。","只有超额收益足以覆盖损耗时成立；不是所有合作都有正剩余。","以社恐为由完全退出劳动。","劳动；合作；社交；能力","05d3be97-1b30-5c13-8330-1c5bb3992838;359095f1-02f7-5cfb-ac88-a2add28d06ca","446ed510-22ee-5cc9-ab46-f5ef8d851fa7","劳动获利 - 劳动过程中社交损耗 = 劳动纯利。","05d3be97-1b30-5c13-8330-1c5bb3992838","两个钱包","2025-06-26","https://afdian.com/p/b1a6164a4c7211f0bedc52540025c377","2025：劳动被明确写成关系困难的补偿性资源。","账本与净值","反事实检验"
"P22","劳动应与成果享受直接相连，勤奋可被重述为对改进过程的沉迷。","动机命题","重新命名+经验链","只用恐惧和吃苦教劳动，会切断观察、试验、成果与自豪。","把勤奋从克己叙事改写为反复获得工艺改善的享受。","让学习者直接使用、比较和享受成果，形成持续改进。","享受须来自真实劳动结果；不是任意快感都等于劳动。","用受苦、羞辱和恐惧证明勤奋。","劳动；教育；享受；工艺","2594339e-ab47-562d-bee7-c56fbb2ca325;05d3be97-1b30-5c13-8330-1c5bb3992838","446ed510-22ee-5cc9-ab46-f5ef8d851fa7","所谓的“勤奋”，本质上就是“沉迷享乐”。","2594339e-ab47-562d-bee7-c56fbb2ca325","乐此不疲","2025-08-01","https://afdian.com/p/6186cc9468c011f0b05752540025c377","2024劳动进入爱的核心；2025形成劳动享受论。","顺序反转","行动接口"
"P23","技术路线应按当前可实现、可稳定制造和可继续迭代的路径判断。","工程命题","约束接受+路径比较","理论指标高不等于当前能制造；大单元结构可能保留叠层和工艺空间。","先承认限制，再比较路线的实现成本与后续变体。","先做出稳定方案并积累工具、设计和工艺经验，争取有限追赶机会。","结论是“有机会赢半子”，不是已经证明全面领先。","用单项参数或理论上限直接判定技术成败。","技术；产业；工程；迭代","afd418f9-36d1-5652-8f90-188680e6cfbf;6587f538-6d67-5561-99dd-2eaf61719621","8c4f866e-8ef9-547c-af60-ada5792bb1f3","因为我们目前做不出小单元格，所以我们决定用大单元格叠两层的办法解决问题。","afd418f9-36d1-5652-8f90-188680e6cfbf","胜半子","2026-07-14","https://www.zhihu.com/question/2042176040638707165/answer/2042645041164837579","2018系统成本论证；2026形成明确的可实现路线判断。","行动接口","账本与净值"
"P24","系统能力不能由醒目的单项指标代替，必须把能量、工具、物流和协作计入。","系统命题","反例+总成本核算","耐力优势若入不敷出且失败损失高，就不能解释稳定狩猎。","拆除单项生理指标，补入伏击、投掷、追踪、搬运和家庭分工。","以整条可持续行动链判断优势，而非以局部能力自豪。","命题针对主要猎食手段解释，不否认耐力在局部场景存在。","用“人类最强耐力”单因解释文明优势。","技术；演化；协作；系统成本","8c4f866e-8ef9-547c-af60-ada5792bb1f3;afd418f9-36d1-5652-8f90-188680e6cfbf","","用“耐力狩猎”作为主要猎食手段还有一个重大的bug——入不敷出。","8c4f866e-8ef9-547c-af60-ada5792bb1f3","最强耐力","2018-06-11","https://www.zhihu.com/question/278113699/answer/415173883","2018建立单项指标批判；2026迁移到产业工程路线。","单项扩展为系统","账本与净值"
"P25","记录把数据转为经验、智慧和后代应对变化的能力。","知识传承命题","历史列举+因果链","无神谕式确定性时，经验需依赖族谱、地方志、食货和灾害记录保存。","把修史从争正统扩展为生活、生产和治理的数据工程。","持续记录功过、灾难和工序，让后来者站在经验之上。","文章的历史叙事是作者文本内主张；记录仍需后来者解释。","把中国修史单纯解释为正统竞争。","历史；记录；经验；文明","3d0daabb-8f65-5e52-b6b0-03280864f723;6587f538-6d67-5561-99dd-2eaf61719621","","数据出经验，经验出智慧，智慧保繁荣。","3d0daabb-8f65-5e52-b6b0-03280864f723","史不绝书","2026-07-14","https://www.zhihu.com/question/9945672304/answer/2042201727336714267","2026：记录与技术保存被共同写成文明续接接口。","单项扩展为系统","行动接口"
"P26","市场退出不等于技术应被遗忘，完整旧工艺可作为文明的休眠种子保存。","保存命题","种子库类比+最低资源方案","高效单一方案可能在环境变化时脆弱；旧工艺保留从低技术重建的能力。","把传统手艺类比原始种，把静态文物改写为可再生工序。","用最低限度资源保存曾经完整成功的技术方案，必要时重新调用。","不要求停止新技术或让旧技术重回主流。","市场淘汰等于文明价值归零。","技术；遗产；市场；文明韧性","6587f538-6d67-5561-99dd-2eaf61719621;3d0daabb-8f65-5e52-b6b0-03280864f723","afd418f9-36d1-5652-8f90-188680e6cfbf","伟业不死，只是逢冬而眠。","6587f538-6d67-5561-99dd-2eaf61719621","眠种","2026-07-09","https://www.zhihu.com/question/427364036/answer/2038687768700772586","2026：工程迭代与休眠保存形成并列技术路径。","类比迁移","行动接口"
"P27","服从是基于判断的决定，屈从则废弃是非判断并以暴力强弱代替。","政治定义命题","明示定义+对立概念","主体可以认可某种权柄或命令；实力本身不能证明正误。","以是否保留判断、是否存在授权区分服从与屈从。","把顺从锁定在服从定义内，从而保留拒绝和对抗屈从的能力。","命令权被限定于特定关系与谦卑、忏悔、爱等条件。","把任何顺从都称为奴性，或把强力当作权威。","服从；授权；政治；判断","8859afe4-31fa-5b72-a79a-675c16950c82;c0f1ba80-af0b-52ca-96f7-0ccc89da8928","446ed510-22ee-5cc9-ab46-f5ef8d851fa7","服从是一种决定。","8859afe4-31fa-5b72-a79a-675c16950c82","服从","2021-06-05","https://www.zhihu.com/question/463206973/answer/1924612230","2021形成服从/屈从定义；后期国家论述继续追问授权与公共能力。","明示定义","概念拆分;角色与授权重定义"
"P28","信用评估必须配套充分取证、申诉和独立复核，并计算制度净成本。","程序命题","制度反事实+成本收益","征信会影响人的机会；普遍完美记录可能只导致普遍低额度。","把“记录越严越好”转为信息质量、程序成本和效率余额问题。","重大信用事项不走简易程序；建立证据、辩方和独立复核。","制度收益必须扣除社会成本后仍有余额；不否定精准评估本身。","以整齐记录代替真实区分，以效率取消申诉。","法律；征信；证据；程序","c0f1ba80-af0b-52ca-96f7-0ccc89da8928;11ad7ad3-87eb-5681-93e2-de3e21cbd8a2","8859afe4-31fa-5b72-a79a-675c16950c82","真正的问题在于影响到征信的事项，必须给予充分合理的证据采集、辩方申诉和独立复核机制","c0f1ba80-af0b-52ca-96f7-0ccc89da8928","征信体系","2019-08-21","https://www.zhihu.com/question/341338492/answer/796914277","2019程序命题；2020在批评权中扩展逻辑、证据与定罪边界。","反事实检验","账本与净值;行动接口"
"P29","降低欲望和组织可减少权力诱惑，却不能自动解决公共服务与集体安全。","制度限度命题","思想实验+功能反问","组织集中力量能提供防卫和水利，也会集中可争夺权力。","接受庄子式去组织的安慰功能，再追问缺失的公共能力。","个人可选择清静；共同体仍须回答服务、安全和协调如何供给。","不是单向赞美集中权力；权力集中仍被视为诱惑来源。","以去欲、去组织作为全部政治问题的答案。","国家；公共服务；权力；组织","446ed510-22ee-5cc9-ab46-f5ef8d851fa7;c9e76d20-ad76-500f-95eb-be07ade6e9f1","8859afe4-31fa-5b72-a79a-675c16950c82","它唯一没解决的就是没有解决公共服务问题、集体安全问题","446ed510-22ee-5cc9-ab46-f5ef8d851fa7","清静无为","2026-07-09","https://www.ifdian.net/p/d3333f6a757811f1bfb052540025c377","2026：清静道路与有界公共理想并列出现。","反事实检验","单项扩展为系统"
"P30","公共理想应接受差异、妥协和强制成本，以可持续改善而非绝对满分为尺度。","妥协命题","阈值设定+后果推演","减少饥饿疾病、增加正义和平自由可同时受到冲突与资源限制。","把满分重定为可承受的70分，计算过度强制制造的敌人和补偿成本。","以多数可接受的中等改善作为至高理想，持续修正而非一次清零差异。","不是放弃理想；70分本身被作者称为至高理想。","用绝对目标授权无限强制。","国家；理想；妥协；和平","c9e76d20-ad76-500f-95eb-be07ade6e9f1;446ed510-22ee-5cc9-ab46-f5ef8d851fa7","","满分就是70分。","c9e76d20-ad76-500f-95eb-be07ade6e9f1","满分70","2026-07-08","https://www.zhihu.com/question/1922715457334538271/answer/2057549134920520308","2026：公共能力论与低强度目标论互相限定。","阈值与红线","账本与净值;反事实检验"
"P31","适度焦虑是面对不确定性的训练材料，可通过小规模经历降低其威力。","心理功能命题","定义+训练类比","前途事件的结果不完全可控；回避会保留或扩大未知恐惧。","将焦虑从失败证据改写为警觉信号，并以小步暴露积累经验。","欢迎可承受的小焦虑，继续睡眠、饮食、计算和劳动，形成镇定反馈。","命题说“适度”；文章未把所有强度和所有处境等同。","把焦虑出现本身视为事情必败或人格无能。","心理；焦虑；训练；行动","b8f88d55-2aa2-5e96-9a9d-4c486b4f4f42;15e6750c-c146-58ea-b925-3a495204a3ef","101192ad-8c18-5d1a-abfe-c6d8e7727c38","你只有一个选择，就是学会和焦虑共处。","b8f88d55-2aa2-5e96-9a9d-4c486b4f4f42","适度焦虑","2023-10-20","https://www.zhihu.com/question/522753742/answer/2029837103773626665","2023适度焦虑；2026与任务拆解、停止自责形成修复链。","顺序反转","行动接口;类比迁移"
"P32","事件后的无能认同会追加痛苦，修复首先要停止继续自我加重。","心理机制命题","两阶段模型+背包类比","事件严重性相对于个人经验；本能反应不等于人格结论。","区分最初挫折与随后“我真无能”的解释循环。","识别精神包袱，减少自责与恐惧，等待并配合恢复。","不否认初始事件和痛苦；停止的是后续追加判决。","把暂时失衡直接解释为整体无能。","心理；创伤；自责；主体修复","101192ad-8c18-5d1a-abfe-c6d8e7727c38;22b8e565-a37b-531a-896d-68604a4264bf","b8f88d55-2aa2-5e96-9a9d-4c486b4f4f42","停止往你的背包里塞土。","101192ad-8c18-5d1a-abfe-c6d8e7727c38","砼","2026-07-09","https://www.zhihu.com/question/1953990821335507505/answer/2037138815870096722","2026：焦虑训练与停止追加自责被并列为行动接口。","概念拆分","行动接口;类比迁移"
"P33","习得性无助常来自任务规模估计和规划能力不足，而非所有工序都做不到。","能力诊断命题","任务分解+工序模型","单次努力无法吞下过大问题；工序需验收并最终衔接。","把整体失败拆成规模估计、工序设计、验收和连接四个问题。","找温和可靠的引路人，从助手和小工序开始积累能力、报酬与信心。","文章允许更换引路人；暂时忍耐批评只限文中具体指导关系。","把不会规划解释成整个人没有完成能力。","心理；教育；规划；能力","15e6750c-c146-58ea-b925-3a495204a3ef;101192ad-8c18-5d1a-abfe-c6d8e7727c38","61843e2f-9230-5dc2-adf6-bb7b3416d5f6","你不是完成任务的能力不足，而是规划的能力不足。","15e6750c-c146-58ea-b925-3a495204a3ef","三分一又三分一","2026-07-08","https://www.zhihu.com/question/458676234/answer/2057597134300614774","2026：主体修复被工程化为任务拆解和反馈。","概念拆分","行动接口"
"P34","自尊以自己的承诺和能力边界为参照，虚荣以他人排名为参照。","主体定义命题","明示定义+后果比较","守约和突破个人困难可产生自我尊重；排名依赖外部比较。","将两种渴望按参照系拆开，并推演各自动机后果。","把精力用于学习、履约和承担，而非嫉妒、八卦和破坏。","不否认现实评价存在；命题处理自我价值的主要来源。","把超过别人当作尊重自己的必要条件。","心理；自尊；虚荣；承诺","06b3e8ca-8ac1-55a3-8b5d-ccc88d41b814;8efa0022-a2d3-52aa-ab8c-1cd53e03a076","bbe903b2-99ab-5425-a566-e7dfd1ae6c2d","自尊心的语境里没有“别人都”这个结构。","06b3e8ca-8ac1-55a3-8b5d-ccc88d41b814","自尊与虚荣","2025-06-07","https://afdian.com/p/f0aa80a03d7d11f084c152540025c377","2018校准自信；2024契约化自尊；2025明确自尊/虚荣参照系。","明示定义","概念拆分;反事实检验"
"P35","自信是对能力具有信度的认知，须由重复结果校准而非荣耀感供给。","认识论命题","定义+运动成绩例证","计划可靠取决于预期与事实相符；自豪和被崇拜感不能证明能力。","把心理状态还原为可检验预测，再用历史结果校准。","根据真实做成过的事制定计划，承认边界并持续训练。","一次成功不保证永远正确；弱小与傲慢是不同问题。","把民族排名、荣耀或口号当作能力证据。","自信；能力；国家；证据","bbe903b2-99ab-5425-a566-e7dfd1ae6c2d;06b3e8ca-8ac1-55a3-8b5d-ccc88d41b814","6565e946-d35d-5651-9ba8-b4db73c846d4","自信，是对自己拥有有信度的认知的人所处的心理状态。","bbe903b2-99ab-5425-a566-e7dfd1ae6c2d","自信","2018-10-15","https://www.zhihu.com/question/269905766/answer/510828072","2018提出有信度认知；2024-2025扩展为契约和参照系。","明示定义","反事实检验"
"P36","不知道造成的损失需要学习，但不知道本身不自动构成道德罪责。","归责边界命题","知识条件+角色互换","当事人当时未掌握批评者后来看到的图景；陌生建议未必可信。","区分损失、教训与罪责，拒绝用事后全知审判当时主体。","先提醒；允许对方不采纳；对自己总结教训而不追加道德折磨。","若损害已经发生，仍可有赔偿和改进责任；该命题不等于后果免责。","用“本该知道”把无知损失升级成人品罪。","认识论；无知；宽容；责任","22b8e565-a37b-531a-896d-68604a4264bf;951e524d-6eab-50ae-8d22-f39398a118bc","951e524d-6eab-50ae-8d22-f39398a118bc","你只是不知道，不知者不为罪。","22b8e565-a37b-531a-896d-68604a4264bf","勿苛己","2026-06-17","https://www.zhihu.com/question/5721531259/answer/2047417568667899837","2025强调后果责任；2026补入罪责判断的知识条件。","概念拆分","反事实检验"
"P37","批评只能提供逻辑、疑问和论证，不能越线成为讽刺、定罪或构陷。","论辩边界命题","明示红线+授权论","被批评者应沿自己的道路前进；批评者不因自认正确取得支配权。","把批评、攻击、定罪和构陷按行动权限区分。","提出可检验论证和问题，尊重对方作出自己的决定。","可以尖锐反对；限制的是人格羞辱、司法式定罪和伪造陷阱。","以批评权为控制、羞辱和入罪许可证。","批评；语言；授权；尊重","11ad7ad3-87eb-5681-93e2-de3e21cbd8a2;c0f1ba80-af0b-52ca-96f7-0ccc89da8928","8859afe4-31fa-5b72-a79a-675c16950c82","批评只能给逻辑、给疑问、给论证，不可以讽刺，不可以定罪，更不可以用作构陷的工具。","11ad7ad3-87eb-5681-93e2-de3e21cbd8a2","批评","2020-08-26","https://www.zhihu.com/question/22987136/answer/1434894604","2019程序证据；2020形成公共批评的行动红线。","明示定义","阈值与红线;角色与授权重定义"
"P38","成熟不是找到绝对正确立场，而是在可错目标和方法中继续修正并承担。","可错性命题","不可能性前提+赌局类比","人无法保证目标和方法绝对正确；新立场也可能只是新赌本。","把发现错误从人格崩溃改写为行动的常态反馈。","允许不完美方法继续，在新证据出现时更新，不把成果全部归零。","“将错就错”是可错行动姿态，不等于拒绝止损或坚持明显伤害。","必须确信绝对正确才可行动，或发现错误就全面绝望。","认识论；行动；错误；成熟","958169e5-e3b9-5a96-85d3-bd541b225541;22b8e565-a37b-531a-896d-68604a4264bf","bbe903b2-99ab-5425-a566-e7dfd1ae6c2d","你要学会将错就错。","958169e5-e3b9-5a96-85d3-bd541b225541","自我怀疑","2019-08-05","https://www.zhihu.com/question/22608645/answer/776241381","2019提出可错行动；2026以无知边界和任务拆解补充操作层。","顺序反转","行动接口"
"P39","希望不能违背事实和规律，但证据不足也不足以授权绝望。","希望命题","认识权限+概率重估","看不见希望不等于希望不存在；过去成功同时含努力与运气。","区分有证据的风险判断与超出证据的乐观/悲观，把未来判决权从主体手中撤下。","承认幸运、接受批评、阅读历史；对明确风险警觉，对未知保留行动可能。","乐观不许扭曲事实；希望需与真实材料和客观规律相容。","以个人智慧对未来作绝对悲观判决，或以幻想代替证据。","认识论；希望；运气；行动","6565e946-d35d-5651-9ba8-b4db73c846d4;361ab29e-ae77-522b-9c3f-1daf2618bd25","bbe903b2-99ab-5425-a566-e7dfd1ae6c2d","人没有资格凭着自己的智慧就绝望。","6565e946-d35d-5651-9ba8-b4db73c846d4","悲观与乐观","2018-12-23","https://www.zhihu.com/question/266034365/answer/557697304","2018提出证据不足不授权绝望；2026《只管赢》把希望绑定真实材料和规律。","概念拆分","阈值与红线;反事实检验"
