"omittedYear","omittedPeriod","term","literal","earlyArticleCount","earlyHitArticleCount","earlyArticleCoverage","middleArticleCount","middleHitArticleCount","middleArticleCoverage","lateArticleCount","lateHitArticleCount","lateArticleCoverage","baselineTrajectory","alternativeTrajectory","trajectoryChanged","baselineEarlyLateDirection","alternativeEarlyLateDirection","earlyLateDirectionFlip"
"2018","early","love","爱","441","98","0.22222222","1635","424","0.25932722","1119","354","0.31635389","increase_in_both_transitions","increase_in_both_transitions","False","increase","increase","False"
"2018","early","naturalLaw","自然法","441","8","0.01814059","1635","54","0.03302752","1119","69","0.0616622","increase_in_both_transitions","increase_in_both_transitions","False","increase","increase","False"
"2018","early","labor","劳动","441","23","0.0521542","1635","71","0.04342508","1119","81","0.07238606","down_then_up","down_then_up","False","increase","increase","False"
"2018","early","responsibility","责任","441","75","0.17006803","1635","278","0.17003058","1119","173","0.15460232","up_then_down","decrease_in_both_transitions","True","decrease","decrease","False"
"2018","early","freedom","自由","441","74","0.16780045","1635","242","0.14801223","1119","150","0.13404826","decrease_in_both_transitions","decrease_in_both_transitions","False","decrease","decrease","False"
"2018","early","ethics","伦理","441","60","0.13605442","1635","141","0.08623853","1119","70","0.06255585","decrease_in_both_transitions","decrease_in_both_transitions","False","decrease","decrease","False"
"2018","early","fact","事实","441","123","0.27891156","1635","403","0.24648318","1119","209","0.18677391","decrease_in_both_transitions","decrease_in_both_transitions","False","decrease","decrease","False"
"2018","early","ability","能力","441","162","0.36734694","1635","485","0.29663609","1119","278","0.2484361","decrease_in_both_transitions","decrease_in_both_transitions","False","decrease","decrease","False"
"2019","early","love","爱","398","92","0.23115578","1635","424","0.25932722","1119","354","0.31635389","increase_in_both_transitions","increase_in_both_transitions","False","increase","increase","False"
"2019","early","naturalLaw","自然法","398","4","0.01005025","1635","54","0.03302752","1119","69","0.0616622","increase_in_both_transitions","increase_in_both_transitions","False","increase","increase","False"
"2019","early","labor","劳动","398","23","0.05778894","1635","71","0.04342508","1119","81","0.07238606","down_then_up","down_then_up","False","increase","increase","False"
"2019","early","responsibility","责任","398","64","0.16080402","1635","278","0.17003058","1119","173","0.15460232","up_then_down","up_then_down","False","decrease","decrease","False"
"2019","early","freedom","自由","398","66","0.16582915","1635","242","0.14801223","1119","150","0.13404826","decrease_in_both_transitions","decrease_in_both_transitions","False","decrease","decrease","False"
"2019","early","ethics","伦理","398","52","0.13065327","1635","141","0.08623853","1119","70","0.06255585","decrease_in_both_transitions","decrease_in_both_transitions","False","decrease","decrease","False"
"2019","early","fact","事实","398","110","0.27638191","1635","403","0.24648318","1119","209","0.18677391","decrease_in_both_transitions","decrease_in_both_transitions","False","decrease","decrease","False"
"2019","early","ability","能力","398","144","0.36180905","1635","485","0.29663609","1119","278","0.2484361","decrease_in_both_transitions","decrease_in_both_transitions","False","decrease","decrease","False"
"2020","early","love","爱","187","34","0.18181818","1635","424","0.25932722","1119","354","0.31635389","increase_in_both_transitions","increase_in_both_transitions","False","increase","increase","False"
"2020","early","naturalLaw","自然法","187","4","0.02139037","1635","54","0.03302752","1119","69","0.0616622","increase_in_both_transitions","increase_in_both_transitions","False","increase","increase","False"
"2020","early","labor","劳动","187","12","0.06417112","1635","71","0.04342508","1119","81","0.07238606","down_then_up","down_then_up","False","increase","increase","False"
"2020","early","responsibility","责任","187","27","0.14438503","1635","278","0.17003058","1119","173","0.15460232","up_then_down","up_then_down","False","decrease","increase","True"
"2020","early","freedom","自由","187","30","0.16042781","1635","242","0.14801223","1119","150","0.13404826","decrease_in_both_transitions","decrease_in_both_transitions","False","decrease","decrease","False"
"2020","early","ethics","伦理","187","22","0.11764706","1635","141","0.08623853","1119","70","0.06255585","decrease_in_both_transitions","decrease_in_both_transitions","False","decrease","decrease","False"
"2020","early","fact","事实","187","67","0.35828877","1635","403","0.24648318","1119","209","0.18677391","decrease_in_both_transitions","decrease_in_both_transitions","False","decrease","decrease","False"
"2020","early","ability","能力","187","70","0.37433155","1635","485","0.29663609","1119","278","0.2484361","decrease_in_both_transitions","decrease_in_both_transitions","False","decrease","decrease","False"
"2021","middle","love","爱","513","112","0.21832359","1012","228","0.22529644","1119","354","0.31635389","increase_in_both_transitions","increase_in_both_transitions","False","increase","increase","False"
"2021","middle","naturalLaw","自然法","513","8","0.01559454","1012","36","0.03557312","1119","69","0.0616622","increase_in_both_transitions","increase_in_both_transitions","False","increase","increase","False"
"2021","middle","labor","劳动","513","29","0.05653021","1012","48","0.04743083","1119","81","0.07238606","down_then_up","down_then_up","False","increase","increase","False"
"2021","middle","responsibility","责任","513","83","0.16179337","1012","161","0.15909091","1119","173","0.15460232","up_then_down","decrease_in_both_transitions","True","decrease","decrease","False"
"2021","middle","freedom","自由","513","85","0.16569201","1012","134","0.13241107","1119","150","0.13404826","decrease_in_both_transitions","down_then_up","True","decrease","decrease","False"
"2021","middle","ethics","伦理","513","67","0.13060429","1012","75","0.07411067","1119","70","0.06255585","decrease_in_both_transitions","decrease_in_both_transitions","False","decrease","decrease","False"
"2021","middle","fact","事实","513","150","0.29239766","1012","194","0.1916996","1119","209","0.18677391","decrease_in_both_transitions","decrease_in_both_transitions","False","decrease","decrease","False"
"2021","middle","ability","能力","513","188","0.36647173","1012","273","0.26976285","1119","278","0.2484361","decrease_in_both_transitions","decrease_in_both_transitions","False","decrease","decrease","False"
"2022","middle","love","爱","513","112","0.21832359","1196","329","0.27508361","1119","354","0.31635389","increase_in_both_transitions","increase_in_both_transitions","False","increase","increase","False"
"2022","middle","naturalLaw","自然法","513","8","0.01559454","1196","43","0.03595318","1119","69","0.0616622","increase_in_both_transitions","increase_in_both_transitions","False","increase","increase","False"
"2022","middle","labor","劳动","513","29","0.05653021","1196","52","0.04347826","1119","81","0.07238606","down_then_up","down_then_up","False","increase","increase","False"
"2022","middle","responsibility","责任","513","83","0.16179337","1196","215","0.17976589","1119","173","0.15460232","up_then_down","up_then_down","False","decrease","decrease","False"
"2022","middle","freedom","自由","513","85","0.16569201","1196","183","0.15301003","1119","150","0.13404826","decrease_in_both_transitions","decrease_in_both_transitions","False","decrease","decrease","False"
"2022","middle","ethics","伦理","513","67","0.13060429","1196","111","0.09280936","1119","70","0.06255585","decrease_in_both_transitions","decrease_in_both_transitions","False","decrease","decrease","False"
"2022","middle","fact","事实","513","150","0.29239766","1196","306","0.25585284","1119","209","0.18677391","decrease_in_both_transitions","decrease_in_both_transitions","False","decrease","decrease","False"
"2022","middle","ability","能力","513","188","0.36647173","1196","365","0.30518395","1119","278","0.2484361","decrease_in_both_transitions","decrease_in_both_transitions","False","decrease","decrease","False"
"2023","middle","love","爱","513","112","0.21832359","1062","291","0.2740113","1119","354","0.31635389","increase_in_both_transitions","increase_in_both_transitions","False","increase","increase","False"
"2023","middle","naturalLaw","自然法","513","8","0.01559454","1062","29","0.02730697","1119","69","0.0616622","increase_in_both_transitions","increase_in_both_transitions","False","increase","increase","False"
"2023","middle","labor","劳动","513","29","0.05653021","1062","42","0.03954802","1119","81","0.07238606","down_then_up","down_then_up","False","increase","increase","False"
"2023","middle","responsibility","责任","513","83","0.16179337","1062","180","0.16949153","1119","173","0.15460232","up_then_down","up_then_down","False","decrease","decrease","False"
"2023","middle","freedom","自由","513","85","0.16569201","1062","167","0.15725047","1119","150","0.13404826","decrease_in_both_transitions","decrease_in_both_transitions","False","decrease","decrease","False"
"2023","middle","ethics","伦理","513","67","0.13060429","1062","96","0.09039548","1119","70","0.06255585","decrease_in_both_transitions","decrease_in_both_transitions","False","decrease","decrease","False"
"2023","middle","fact","事实","513","150","0.29239766","1062","306","0.28813559","1119","209","0.18677391","decrease_in_both_transitions","decrease_in_both_transitions","False","decrease","decrease","False"
"2023","middle","ability","能力","513","188","0.36647173","1062","332","0.3126177","1119","278","0.2484361","decrease_in_both_transitions","decrease_in_both_transitions","False","decrease","decrease","False"
"2024","late","love","爱","513","112","0.21832359","1635","424","0.25932722","533","180","0.33771107","increase_in_both_transitions","increase_in_both_transitions","False","increase","increase","False"
"2024","late","naturalLaw","自然法","513","8","0.01559454","1635","54","0.03302752","533","24","0.04502814","increase_in_both_transitions","increase_in_both_transitions","False","increase","increase","False"
"2024","late","labor","劳动","513","29","0.05653021","1635","71","0.04342508","533","45","0.08442777","down_then_up","down_then_up","False","increase","increase","False"
"2024","late","responsibility","责任","513","83","0.16179337","1635","278","0.17003058","533","76","0.14258912","up_then_down","up_then_down","False","decrease","decrease","False"
"2024","late","freedom","自由","513","85","0.16569201","1635","242","0.14801223","533","66","0.12382739","decrease_in_both_transitions","decrease_in_both_transitions","False","decrease","decrease","False"
"2024","late","ethics","伦理","513","67","0.13060429","1635","141","0.08623853","533","20","0.03752345","decrease_in_both_transitions","decrease_in_both_transitions","False","decrease","decrease","False"
"2024","late","fact","事实","513","150","0.29239766","1635","403","0.24648318","533","97","0.18198874","decrease_in_both_transitions","decrease_in_both_transitions","False","decrease","decrease","False"
"2024","late","ability","能力","513","188","0.36647173","1635","485","0.29663609","533","145","0.27204503","decrease_in_both_transitions","decrease_in_both_transitions","False","decrease","decrease","False"
"2025","late","love","爱","513","112","0.21832359","1635","424","0.25932722","837","277","0.33094385","increase_in_both_transitions","increase_in_both_transitions","False","increase","increase","False"
"2025","late","naturalLaw","自然法","513","8","0.01559454","1635","54","0.03302752","837","53","0.06332139","increase_in_both_transitions","increase_in_both_transitions","False","increase","increase","False"
"2025","late","labor","劳动","513","29","0.05653021","1635","71","0.04342508","837","57","0.06810036","down_then_up","down_then_up","False","increase","increase","False"
"2025","late","responsibility","责任","513","83","0.16179337","1635","278","0.17003058","837","134","0.16009558","up_then_down","up_then_down","False","decrease","decrease","False"
"2025","late","freedom","自由","513","85","0.16569201","1635","242","0.14801223","837","112","0.13381123","decrease_in_both_transitions","decrease_in_both_transitions","False","decrease","decrease","False"
"2025","late","ethics","伦理","513","67","0.13060429","1635","141","0.08623853","837","58","0.0692951","decrease_in_both_transitions","decrease_in_both_transitions","False","decrease","decrease","False"
"2025","late","fact","事实","513","150","0.29239766","1635","403","0.24648318","837","162","0.19354839","decrease_in_both_transitions","decrease_in_both_transitions","False","decrease","decrease","False"
"2025","late","ability","能力","513","188","0.36647173","1635","485","0.29663609","837","216","0.25806452","decrease_in_both_transitions","decrease_in_both_transitions","False","decrease","decrease","False"
"2026","late","love","爱","513","112","0.21832359","1635","424","0.25932722","868","251","0.28917051","increase_in_both_transitions","increase_in_both_transitions","False","increase","increase","False"
"2026","late","naturalLaw","自然法","513","8","0.01559454","1635","54","0.03302752","868","61","0.0702765","increase_in_both_transitions","increase_in_both_transitions","False","increase","increase","False"
"2026","late","labor","劳动","513","29","0.05653021","1635","71","0.04342508","868","60","0.06912442","down_then_up","down_then_up","False","increase","increase","False"
"2026","late","responsibility","责任","513","83","0.16179337","1635","278","0.17003058","868","136","0.15668203","up_then_down","up_then_down","False","decrease","decrease","False"
"2026","late","freedom","自由","513","85","0.16569201","1635","242","0.14801223","868","122","0.140553","decrease_in_both_transitions","decrease_in_both_transitions","False","decrease","decrease","False"
"2026","late","ethics","伦理","513","67","0.13060429","1635","141","0.08623853","868","62","0.07142857","decrease_in_both_transitions","decrease_in_both_transitions","False","decrease","decrease","False"
"2026","late","fact","事实","513","150","0.29239766","1635","403","0.24648318","868","159","0.18317972","decrease_in_both_transitions","decrease_in_both_transitions","False","decrease","decrease","False"
"2026","late","ability","能力","513","188","0.36647173","1635","485","0.29663609","868","195","0.22465438","decrease_in_both_transitions","decrease_in_both_transitions","False","decrease","decrease","False"
