"candidateId","trajectory","role","ordinal","id","title","date","period","platform","url","authorClaim","relationToCore","exclusionReason","quote","quoteStart","authorLexicalNodeTypes","topLevelQuoteMatchCount","questionContainsQuote","cleanEvidencePresent","coreEvidenceOverlap"
"D01-ALT","D01_事实定义与论辩","ALTERNATIVE","2282","6647e494-2b80-57af-b903-a1b541d9fbf6","达意责任","2023-04-23","2021-2023","Zhihu","https://www.zhihu.com/question/597272355/answer/2997235157","表达者应把达意责任作为基本服务，并通过低利害实践训练表达能力。","与《学好语文》共享表达失败先归于表达者的中期结构，并进一步给出误解风险自担及从低利害对话逐级练习的路径。","与核心《学好语文》共同承担中期表达责任；本文侧重风险自担和低利害训练，为避免同轨迹同阶段重复入格而保留为替代案例。","每个人都要为自己的表达承担达意责任，这是一种基本服务","0","paragraph","0","False","True","False"
"D01-CHA","D01_事实定义与论辩","CHALLENGE","2959","09575f9e-4f36-5a4e-84b3-95ee737857e8","诚实","2021-11-07","2021-2023","Zhihu","https://www.zhihu.com/question/496997525/answer/2210450279","诚实不是保证永不出错，而是为事实担保划定范围并在失败后承担自己声明的责任。","说明事实论辩还包含担保、误差与赔偿，不只包含表达是否清楚。","该文重心是事实担保责任，不直接承担批评程序的早中晚配对。","“诚实”在实践意义上是一种“事实保险业务”。","880","paragraph","0","False","True","False"
"D02-ALT","D02_能力学习与主体","ALTERNATIVE","596","646df58c-b155-5563-8646-c7d5dae28529","战而后胜","2025-08-31","2024-2026","Zhihu","https://www.zhihu.com/question/39261295/answer/1945530289108526198","足量且适配水平的实战可以暴露侥幸和知识缺口，再引导主体回到理论学习。","补充晚期能力形成的实践—复盘路径，不把学习只写成任务拆解。","晚期核心格已由《三分一又三分一》承担规划能力，本文作为并列学习机制保留。","你需要一套覆盖面完整的题，然后在题的引导下去看书。","0","paragraph","0","False","True","False"
"D02-CHA","D02_能力学习与主体","CHALLENGE","104","22b8e565-a37b-531a-896d-68604a4264bf","勿苛己","2026-06-17","2024-2026","Zhihu","https://www.zhihu.com/question/5721531259/answer/2047417568667899837","不知道某项后果不自动构成道德罪责，不能用旁观者掌握的利害关系反向给当事人定罪。","限制用旁观者知识和优先级给当事人定罪，要求区分不知道、优先级不同与明知故犯。","主要承担能力判断的伦理边界，不是能力形成机制本身。","你只是不知道，不知者不为罪。","1694","paragraph","0","False","True","False"
"D03-ALT","D03_责任后果与授权","ALTERNATIVE","3417","ea9197ca-0a2e-51ee-beeb-ca4773d4a549","持公器","2021-04-03","2021-2023","Zhihu","https://www.zhihu.com/question/452534650/answer/1814615350","公众声望带来的影响力是关注者借出的公器，使用者应限制私怨并接受共同程序。","把责任—授权交换扩展到公共影响力的受托和限用。","核心矩阵选择《服从》承担中期主体判断；本文专注公共声望，作为尺度扩展保留。","荣耀附带着权力，任何权力在本质上都是公器。","71","paragraph","0","False","True","False"
"D03-CHA","D03_责任后果与授权","CHALLENGE","18","d4d427c5-38df-5cd1-931b-d0ad6a4fd6c0","瞎义警","2026-07-12","2024-2026","Zhihu","https://www.zhihu.com/question/2021674630205687158/answer/2058803543214141590","个人判断某事错误并不自动产生干预和执法权柄，只能在权限内提醒、举报或请求授权者处理。","把权柄来源置于个人正误判断之前，限制责任感自行扩张为执法资格。","与晚期《赤手空拳》的责任—权柄接口构成限制性对读，不替换其资源交换功能。","世界上最大的是非，是权柄。","148","heading","0","False","True","False"
"D04-ALT","D04_自由边界与退出","ALTERNATIVE","24","4323b869-06ea-5335-a116-9418e052e7a4","靶向药","2026-07-11","2024-2026","Afdian","https://www.ifdian.net/p/f118cbba771411f19cc65254001e7c00","若在一个组织中只有自己的利益持续被某人侵占，且所得被其与其他人瓜分，主体可能只是资源而非成员，此时应赶紧退出。","补充自由边界的组织退出接口，而非只讨论家庭和亲密关系中的拒绝权。","篇幅集中于晚期组织处境，不承担三个时期的权利地位配对。","如果从头到尾只有你一个人的利益被侵犯，而这个人非常聪明，懂得把从你这里掠夺的利益和别人瓜分，那么你的问题就不是如何争取利益，而是要赶紧走人，因为在这种情况下，你根本就不是这个组织的成员，而只是ta们的资源。","92","paragraph","0","False","True","False"
"D04-CHA","D04_自由边界与退出","CHALLENGE","1290","2a88cc8a-0746-573a-9885-9fed9f447797","滴灌","2024-09-20","2024-2026","Afdian","https://afdian.com/p/b48e7f62775e11efa55352540025c377","父母给未独立子女发放生活费，应从短周期起步，只在连续账务清结且无违规挪用后逐级延长，失败时可降级。","把主体的一般决定空间与本文所说、经连续账务执行取得的生活费管理范围分层。","它会挑战但不能替换《平权》《爱的底线》《一寸欢喜》所处理的主体决定空间。","每一级的提升都要以足够多连续周期的完美执行为准。例如一周一发升级到一月一发，必须以连续四周在误差范围内实现账务清结并确保没有发生违规挪用为准。","946","paragraph","0","False","True","False"
"D05-ALT","D05_爱回应与不掠夺","ALTERNATIVE","3","8bc2c71a-1303-5254-a513-fdb710fb8876","小小红花","2026-07-15","2024-2026","Afdian","https://www.ifdian.net/p/8a2ac9c67a4311f1887f5254001e7c00","爱先产生关切；对方回应使关切生长，继而生成赞赏和认同，而不是先完成挑剔筛选才开始爱。","为净所得、净输出和不掠夺之外增加爱的发生顺序。","处理发生层而非核心矩阵的结果判准，因此作为并列入口保留。","是爱生赞赏，而不是赞赏生爱。","635","paragraph","0","False","True","False"
"D05-CHA","D05_爱回应与不掠夺","CHALLENGE","1088","f6fe9e2d-ca06-5a84-82b6-b7fe1d331120","爱的核心","2024-12-16","2024-2026","Zhihu","https://zhuanlan.zhihu.com/p/12881832004","爱的重点被置于劳动以及人与自然的生产关系；人际关系改善带来的狂喜只是进一步学习、生产和创造的准备。","表明晚期爱论还包含生产轴，不能只按单一人际付出算法概括。","该文改变分析尺度，不适合替换《赛道》在关系不掠夺上的晚期核心功能。","爱的重点是劳动。","73","paragraph","0","False","True","False"
"D06-ALT","D06_劳动财富与分配","ALTERNATIVE","3429","f4ee69e7-9b6f-563b-a6b7-3abcef28fe36","商周奴隶制","2021-03-22","2021-2023","Zhihu","https://www.zhihu.com/question/448019639/answer/1794292229","经典奴隶制的稳定依赖足够生产剩余和统治者的武力优势，劳动效率进入历史制度条件。","把中期劳动从企业角色分账扩展到生产剩余和历史结构。","历史尺度与《资本家2》的企业内部尺度并列，不替换后者的角色分账功能。","一打几？一养几？","1663","paragraph","0","False","True","False"
"D06-CHA","D06_劳动财富与分配","CHALLENGE","645","2594339e-ab47-562d-bee7-c56fbb2ca325","乐此不疲","2025-08-01","2024-2026","Afdian","https://afdian.com/p/6186cc9468c011f0b05752540025c377","劳动教育应把劳动直接连接到成果享受、方案比较和工艺改进，勤奋可被解释为沉迷这种享受。","说明劳动还具有享受和创造维度，不只承担分配、组织和社交补偿。","文章属于晚期教育场景，挑战单一经济尺度但不替换《两个钱包》的关系剩余接口。","所谓的“勤奋”，本质上就是“沉迷享乐”。","917","paragraph","0","False","True","False"
"D07-ALT","D07_组织技术与公共能力","ALTERNATIVE","3312","da098d20-c643-5f18-a4ae-2fd637101811","汉字基准字体","2021-05-18","2021-2023","Zhihu","https://www.zhihu.com/question/437348189/answer/1891816228","汉字基准字形是应由公共力量持续提供、让社会低成本使用的文化基础设施。","补充技术公共能力中的基础资源、长期浸润和公共维护。","属于文化基础设施案例，不直接承担组织继承或工程替代路线的核心格。","汉字因为其特殊性，其基准字形资源是一个不可以交付给单独商家来通过所谓“市场竞争”来自由博弈决定的公共事业。","1176","paragraph","0","False","True","False"
"D07-CHA","D07_组织技术与公共能力","CHALLENGE","27","6587f538-6d67-5561-99dd-2eaf61719621","眠种","2026-07-09","2024-2026","Zhihu","https://www.zhihu.com/question/427364036/answer/2038687768700772586","被市场淘汰但曾获成功的整套手艺方案仍应以少量津贴作最低限度保存，作为文明重建的技术种子。","提醒当期竞争中的落后或淘汰不等于应彻底丢弃，还需另设保存尺度。","并不否定《胜半子》的当期替代路线，只增加退出竞争后的保存问题。","遗产保护只不过是将一度在市场上获得过成功的整套技术方案通过少量津贴做最低限度的保存","676","paragraph","0","False","True","False"
"D08-ALT","D08_自然法伦理与风险","ALTERNATIVE","3088","550b55cc-125d-5989-b69b-1d76045f01e6","无知的责任","2021-09-08","2021-2023","Zhihu","https://www.zhihu.com/question/485263076/answer/2109427875","无知在人际授权关系中可以无罪，但物理和社会后果不会因不知道而停止发生。","把自然法的普遍约束转成无知、授权与现实后果的分层。","与核心《自然法》同属中期，但承担后果示范而非概念定义。","无知在人是无罪的。","0","paragraph","0","False","True","False"
"D08-CHA","D08_自然法伦理与风险","CHALLENGE","1353","5ee11a26-89b1-5293-b168-468e96e31c3e","论妥协","2024-08-31","2024-2026","Afdian","https://afdian.com/p/5b9af12e66ec11ef8f1252540025c377","妥协是在自然法禁令和爱的原则底线内，尽可能兼顾个人理想的折衷行动。","把自然法从抽象约束定义转入妥协方案中不可伸缩的边界。","晚期核心《奠仪几何》承担伦理轨道；本文处理受力和折衷，作为另一行动接口保留。","换句话来说，我的妥协是在不违背自然法禁令和爱的原则底线上，尽可能兼顾我自己理想的折衷方案。","1268","paragraph","0","False","True","False"
