"paper","bytes","chineseChars","nonWhitespaceChars","headings","uuidCitations"
"00_研究方法与证据规范.md","15230","4318","5500","24","0"
"01_语料画像.md","16029","4050","6432","12","0"
"02_实践伦理的工程学_思想体系总论.md","30868","7944","12496","27","29"
"03_伦理作为社会技术_权力互惠与社会资本.md","45334","12032","17706","24","33"
"04_家庭与亲属秩序.md","50167","12930","20498","61","48"
"05_亲密关系与婚恋.md","44073","11008","18546","62","48"
"06_职场组织与协作.md","53767","13790","21448","21","48"
"07_从服从世界到治理处境_思想体系总论.md","27730","6467","12016","38","34"
"08_可错知识与教育实践.md","44061","11032","18501","79","48"
"09_定义达意与批评_论证修辞研究.md","39944","9903","16976","81","48"
"10_财富劳动与经济伦理.md","63421","15585","26906","52","48"
"11_宗教自然法与世俗论证.md","78385","19629","32564","82","48"
"12_国家法律秩序与公民异议.md","39388","10210","15205","55","23"
"13_技术文明产业路径与历史经验.md","58824","13351","27111","64","48"
"14_心理主体修复与情绪劳动.md","33116","8072","14187","45","25"
"15_从公共论辩到生活伦理_历时演变研究.md","31907","8193","12713","38","0"
"16_性别身体性与同意.md","57204","12213","27712","67","54"
"17_全量概念网络与命题分布.md","23492","5573","10365","19","12"
"18_责任自由成本的跨域结构.md","21332","5620","8333","23","12"
"19_内部张力与条件差异.md","16626","3907","7525","19","27"
"20_核心概念词典与语义结构.md","50930","11207","23494","41","26"
"21_作者术语与行动语法.md","21510","5492","8616","26","15"
"22_核心命题谱系与论证类型.md","29103","7284","12077","39","19"
"23_平台控制后的概念迁移与历时配对.md","17919","4281","7882","27","16"
"24_扩展内部张力与条件矩阵.md","25933","6517","11018","27","27"
"25_医疗疾病与照料秩序.md","30071","7730","12366","42","25"
"26_犯罪刑罚与司法秩序.md","54190","14226","21850","57","48"
"27_战争军事外交与大国秩序.md","40787","10759","16141","56","32"
"28_艺术审美与文化生产.md","41515","10804","16835","52","36"
"29_媒体舆论与公共认知秩序.md","35950","9308","14715","56","32"
"30_死亡祭祀与纪念秩序.md","46533","12416","18330","57","36"
"31_民族族群与身份秩序.md","56969","12936","26604","48","53"
"32_生态能源与自然秩序.md","51301","11881","23598","52","48"
"33_人工智能机器与未来秩序.md","52846","11919","24833","65","48"
