"paper","id","citedTitle","actualTitle","citedDate","actualDate","citedUrl","actualUrl","idExists","titleMatches","dateMatches","urlMatches"
"02_实践伦理的工程学_思想体系总论.md","3c5adff1-6b20-5999-a366-0033a5945401","子女的要求","子女的要求","2022-04-23","2022-04-23","https://www.zhihu.com/question/355524343/answer/2454079129","https://www.zhihu.com/question/355524343/answer/2454079129","True","True","True","True"
"02_实践伦理的工程学_思想体系总论.md","a03985bb-d05e-5b31-86e8-90f9baee69ef","利益共同体","利益共同体","2023-03-21","2023-03-21","https://www.zhihu.com/question/590364412/answer/2945747516","https://www.zhihu.com/question/590364412/answer/2945747516","True","True","True","True"
"02_实践伦理的工程学_思想体系总论.md","619477f4-e5a2-59a6-b9d3-be63246ea2c2","跨伦理合作","跨伦理合作","2024-07-21","2024-07-21","https://afdian.com/p/8a6d494446d411efb30052540025c377","https://afdian.com/p/8a6d494446d411efb30052540025c377","True","True","True","True"
"02_实践伦理的工程学_思想体系总论.md","359095f1-02f7-5cfb-ac88-a2add28d06ca","后半句","后半句","2026-07-16","2026-07-16","https://www.ifdian.net/p/ed6f1e387afc11f1a7eb52540025c377","https://www.ifdian.net/p/ed6f1e387afc11f1a7eb52540025c377","True","True","True","True"
"02_实践伦理的工程学_思想体系总论.md","9af3f757-ffb6-5c9e-b461-afdf9ccea949","奠仪几何","奠仪几何","2026-07-17","2026-07-17","https://www.ifdian.net/p/85097b3e7bd011f1978652540025c377","https://www.ifdian.net/p/85097b3e7bd011f1978652540025c377","True","True","True","True"
"02_实践伦理的工程学_思想体系总论.md","13bd51cf-60f2-54ed-bdee-2e1a9cdf32dc","有罪推定","有罪推定","2023-03-19","2023-03-19","https://www.zhihu.com/question/541669298/answer/2943290994","https://www.zhihu.com/question/541669298/answer/2943290994","True","True","True","True"
"02_实践伦理的工程学_思想体系总论.md","944384b9-5594-5738-a715-05fe1088318a","信源管理","信源管理","2019-09-14","2019-09-14","https://www.zhihu.com/question/19666344/answer/823306722","https://www.zhihu.com/question/19666344/answer/823306722","True","True","True","True"
"02_实践伦理的工程学_思想体系总论.md","8dcbcd3c-ba15-56aa-8215-9c7de25d299f","无根消息","无根消息","2022-04-12","2022-04-12","https://www.zhihu.com/question/527283848/answer/2434909866","https://www.zhihu.com/question/527283848/answer/2434909866","True","True","True","True"
"02_实践伦理的工程学_思想体系总论.md","11ad7ad3-87eb-5681-93e2-de3e21cbd8a2","批评","批评","2020-08-26","2020-08-26","https://www.zhihu.com/question/22987136/answer/1434894604","https://www.zhihu.com/question/22987136/answer/1434894604","True","True","True","True"
"02_实践伦理的工程学_思想体系总论.md","bbe903b2-99ab-5425-a566-e7dfd1ae6c2d","自信","自信","2018-10-15","2018-10-15","https://www.zhihu.com/question/269905766/answer/510828072","https://www.zhihu.com/question/269905766/answer/510828072","True","True","True","True"
"02_实践伦理的工程学_思想体系总论.md","4eae907d-2995-55ad-8c9e-0b33069b615b","自卑","自卑","2021-04-21","2021-04-21","https://www.zhihu.com/question/20694013/answer/1846677969","https://www.zhihu.com/question/20694013/answer/1846677969","True","True","True","True"
"02_实践伦理的工程学_思想体系总论.md","87f504be-9ec1-513f-9ef2-35b5afb76690","有恋无爱","有恋无爱","2026-06-22","2026-06-22","https://www.zhihu.com/question/1991793475268673696/answer/2030323731600552037","https://www.zhihu.com/question/1991793475268673696/answer/2030323731600552037","True","True","True","True"
"02_实践伦理的工程学_思想体系总论.md","523c4064-2745-5b68-92dd-d8209abaf022","反叛逆","反叛逆","2025-02-26","2025-02-26","https://afdian.com/p/a65f1942f3d211efb3c75254001e7c00","https://afdian.com/p/a65f1942f3d211efb3c75254001e7c00","True","True","True","True"
"02_实践伦理的工程学_思想体系总论.md","7d40ff51-8245-5989-b90a-edd964e96a7b","好战之徒","好战之徒","2026-04-14","2026-04-14","https://www.ifdian.net/p/29903e4231ce11f18a6e5254001e7c00","https://www.ifdian.net/p/29903e4231ce11f18a6e5254001e7c00","True","True","True","True"
"02_实践伦理的工程学_思想体系总论.md","2dcc4d6a-58bf-5e68-9c51-319d51c0f11e","工德无量","工德无量","2026-06-30","2026-06-30","https://www.zhihu.com/question/6727174235/answer/2054345141004006552","https://www.zhihu.com/question/6727174235/answer/2054345141004006552","True","True","True","True"
"02_实践伦理的工程学_思想体系总论.md","2133f3d8-4ccb-5c0f-9c09-1539ab21c794","财富观","财富观","2020-05-01","2020-05-01","https://www.zhihu.com/question/314627020/answer/1193533378","https://www.zhihu.com/question/314627020/answer/1193533378","True","True","True","True"
"02_实践伦理的工程学_思想体系总论.md","ecfc1be7-86b5-57d6-806d-7a8fcc374949","摆脱贫穷","摆脱贫穷","2021-02-23","2021-02-23","https://www.zhihu.com/question/444003245/answer/1744384489","https://www.zhihu.com/question/444003245/answer/1744384489","True","True","True","True"
"02_实践伦理的工程学_思想体系总论.md","200309fc-1b48-536f-8a58-7f6e61f9436e","我没有","我没有","2025-07-24","2025-07-24","https://www.zhihu.com/question/1896278314173317963/answer/1931762005984928653","https://www.zhihu.com/question/1896278314173317963/answer/1931762005984928653","True","True","True","True"
"02_实践伦理的工程学_思想体系总论.md","85ab46d9-7681-54c0-a0db-8cf873ad5906","术与略","术与略","2025-02-02","2025-02-02","https://www.zhihu.com/question/642534421/answer/91544472029","https://www.zhihu.com/question/642534421/answer/91544472029","True","True","True","True"
"02_实践伦理的工程学_思想体系总论.md","94815489-f471-5075-ac07-f496082d34db","平权","平权","2018-10-13","2018-10-13","https://www.zhihu.com/question/298105587/answer/509627202","https://www.zhihu.com/question/298105587/answer/509627202","True","True","True","True"
"02_实践伦理的工程学_思想体系总论.md","f0e6b60b-5f91-5037-9796-480eeca991b2","芯片","芯片","2018-09-25","2018-09-25","https://www.zhihu.com/question/275316968/answer/497644862","https://www.zhihu.com/question/275316968/answer/497644862","True","True","True","True"
"02_实践伦理的工程学_思想体系总论.md","7d32dc18-d43f-5b31-b663-2cc96f87ef69","工程师","工程师","2019-06-16","2019-06-16","https://www.zhihu.com/question/327471497/answer/716941677","https://www.zhihu.com/question/327471497/answer/716941677","True","True","True","True"
"02_实践伦理的工程学_思想体系总论.md","f455e627-834a-5efb-afe9-c311b5694325","说话的兽","说话的兽","2022-07-04","2022-07-04","https://www.zhihu.com/question/530184935/answer/2558470982","https://www.zhihu.com/question/530184935/answer/2558470982","True","True","True","True"
"02_实践伦理的工程学_思想体系总论.md","366ab128-d0ec-5a22-9185-a7be6c9ef61a","进化王","进化王","2021-02-12","2021-02-12","https://www.zhihu.com/question/444037692/answer/1727447923","https://www.zhihu.com/question/444037692/answer/1727447923","True","True","True","True"
"02_实践伦理的工程学_思想体系总论.md","6511b53f-878c-5ae0-af8f-d2f04e78569c","AI 一","AI 一","2023-03-22","2023-03-22","https://www.zhihu.com/question/591002830/answer/2947430561","https://www.zhihu.com/question/591002830/answer/2947430561","True","True","True","True"
"02_实践伦理的工程学_思想体系总论.md","959872c6-0ae7-517d-aa2f-b669f058ed41","提问者","提问者","2023-04-18","2023-04-18","https://www.zhihu.com/question/587975516/answer/2988722122","https://www.zhihu.com/question/587975516/answer/2988722122","True","True","True","True"
"02_实践伦理的工程学_思想体系总论.md","f975f3fe-005b-53dd-8f44-2741aefcda9b","死亡","死亡","2020-07-07","2020-07-07","https://www.zhihu.com/question/19795293/answer/1323213160","https://www.zhihu.com/question/19795293/answer/1323213160","True","True","True","True"
"02_实践伦理的工程学_思想体系总论.md","ac580308-0276-5166-ae63-b3d6978bc550","长生不死的脑残","长生不死的脑残","2020-08-28","2020-08-28","https://www.zhihu.com/question/417913464/answer/1438032852","https://www.zhihu.com/question/417913464/answer/1438032852","True","True","True","True"
"04_家庭与亲属秩序.md","3c5adff1-6b20-5999-a366-0033a5945401","子女的要求","子女的要求","2022-04-23","2022-04-23","https://www.zhihu.com/question/355524343/answer/2454079129","https://www.zhihu.com/question/355524343/answer/2454079129","True","True","True","True"
"04_家庭与亲属秩序.md","3e952728-2d95-553b-a378-44c50203c977","抚养费","抚养费","2021-07-06","2021-07-06","https://www.zhihu.com/question/470202472/answer/1981030208","https://www.zhihu.com/question/470202472/answer/1981030208","True","True","True","True"
"04_家庭与亲属秩序.md","4f0d4841-15a9-55fb-b3d5-f2b4cef556dd","重组家庭的难题","重组家庭的难题","2021-01-15","2021-01-15","https://www.zhihu.com/question/438987171/answer/1678525490","https://www.zhihu.com/question/438987171/answer/1678525490","True","True","True","True"
"04_家庭与亲属秩序.md","7cdfab67-7ce3-5c7f-b628-0f120d0cf51b","社会化抚养","社会化抚养","2020-08-01","2020-08-01","https://www.zhihu.com/question/265857247/answer/1375936847","https://www.zhihu.com/question/265857247/answer/1375936847","True","True","True","True"
"04_家庭与亲属秩序.md","1549f2dd-1d31-544b-a0ea-85605f1a819b","翼护","翼护","2021-05-31","2021-05-31","https://www.zhihu.com/question/419829368/answer/1914445833","https://www.zhihu.com/question/419829368/answer/1914445833","True","True","True","True"
"04_家庭与亲属秩序.md","769c9d9a-20b2-57e8-a61c-2495ed318571","瞧不起","瞧不起","2021-02-28","2021-02-28","https://www.zhihu.com/question/446474178/answer/1753855345","https://www.zhihu.com/question/446474178/answer/1753855345","True","True","True","True"
"04_家庭与亲属秩序.md","61843e2f-9230-5dc2-adf6-bb7b3416d5f6","不听老人言","不听老人言","2026-05-10","2026-05-10","https://www.zhihu.com/question/1889581579178849918/answer/2033525184934715882","https://www.zhihu.com/question/1889581579178849918/answer/2033525184934715882","True","True","True","True"
"04_家庭与亲属秩序.md","8859afe4-31fa-5b72-a79a-675c16950c82","服从","服从","2021-06-05","2021-06-05","https://www.zhihu.com/question/463206973/answer/1924612230","https://www.zhihu.com/question/463206973/answer/1924612230","True","True","True","True"
"04_家庭与亲属秩序.md","fba22283-af77-547d-afe1-b4350b10db89","零起点","零起点","2022-04-21","2022-04-21","https://www.zhihu.com/question/527764298/answer/2449644130","https://www.zhihu.com/question/527764298/answer/2449644130","True","True","True","True"
"04_家庭与亲属秩序.md","4f088894-9e0d-57a4-9b1b-b34c185c6363","子女的隐私","子女的隐私","2021-01-03","2021-01-03","https://www.zhihu.com/question/349129380/answer/1659225401","https://www.zhihu.com/question/349129380/answer/1659225401","True","True","True","True"
"04_家庭与亲属秩序.md","8db8f172-3520-5077-a078-2c9578ebaf39","一寸欢喜","一寸欢喜","2026-07-13","2026-07-13","https://www.zhihu.com/question/2039110884006604997/answer/2041179100837058049","https://www.zhihu.com/question/2039110884006604997/answer/2041179100837058049","True","True","True","True"
"04_家庭与亲属秩序.md","d047bd11-7388-5d76-806c-f96d44f68013","尽亲尽孝","尽亲尽孝","2024-09-18","2024-09-18","https://afdian.com/p/312fbc6e752711efafc25254001e7c00","https://afdian.com/p/312fbc6e752711efafc25254001e7c00","True","True","True","True"
"04_家庭与亲属秩序.md","05f7599d-9ec1-5a69-98ec-983ca3b4c8b0","孝","孝","2023-04-08","2023-04-08","https://www.zhihu.com/question/33575236/answer/2523770856","https://www.zhihu.com/question/33575236/answer/2523770856","True","True","True","True"
"04_家庭与亲属秩序.md","2a406215-ff67-574c-be56-d93e04992e6a","老人跳桥","老人跳桥","2021-01-24","2021-01-24","https://www.zhihu.com/question/440757467/answer/1694360626","https://www.zhihu.com/question/440757467/answer/1694360626","True","True","True","True"
"04_家庭与亲属秩序.md","cca77b6e-cc3b-5942-9b0e-74347420a0f1","老狗","老狗","2025-06-01","2025-06-01","https://www.zhihu.com/question/525541744/answer/1909570369205020316","https://www.zhihu.com/question/525541744/answer/1909570369205020316","True","True","True","True"
"04_家庭与亲属秩序.md","4ff7810c-9d49-578c-9b34-6fbe725ee959","老有所依2","老有所依2","2020-07-25","2020-07-25","https://www.zhihu.com/question/403290284/answer/1360171805","https://www.zhihu.com/question/403290284/answer/1360171805","True","True","True","True"
"04_家庭与亲属秩序.md","8ddbef7b-4c40-5766-ada3-52335be104eb","取死之道","取死之道","2024-08-25","2024-08-25","https://afdian.com/p/c1fa3352626011ef9ccf52540025c377","https://afdian.com/p/c1fa3352626011ef9ccf52540025c377","True","True","True","True"
"04_家庭与亲属秩序.md","5bd3dca7-140f-5f64-8cc4-bbb68ef65259","父母恩","父母恩","2022-06-05","2022-06-05","https://www.zhihu.com/question/26860040/answer/2515001052","https://www.zhihu.com/question/26860040/answer/2515001052","True","True","True","True"
"04_家庭与亲属秩序.md","e476717b-2cf7-5a91-adb2-924fbec64dea","援亲","援亲","2026-06-18","2026-06-18","https://www.ifdian.net/p/e199590264f411f1b3605254001e7c00","https://www.ifdian.net/p/e199590264f411f1b3605254001e7c00","True","True","True","True"
"04_家庭与亲属秩序.md","116849af-8469-5b6a-8306-42264e030e2d","族亲","族亲","2026-05-17","2026-05-17","https://www.ifdian.net/p/41c1258e4bce11f1806852540025c377","https://www.ifdian.net/p/41c1258e4bce11f1806852540025c377","True","True","True","True"
"04_家庭与亲属秩序.md","d08b3c8b-a3a8-567d-874e-b774e0a7be53","长兄如父","长兄如父","2024-07-09","2024-07-09","https://www.zhihu.com/question/660341866/answer/3556211360","https://www.zhihu.com/question/660341866/answer/3556211360","True","True","True","True"
"04_家庭与亲属秩序.md","a0f663cc-cdbe-57bb-9037-1fc75cdc8b80","被拖累的姐姐","被拖累的姐姐","2020-09-09","2020-09-09","https://www.zhihu.com/question/419755073/answer/1461820991","https://www.zhihu.com/question/419755073/answer/1461820991","True","True","True","True"
"04_家庭与亲属秩序.md","9af3f757-ffb6-5c9e-b461-afdf9ccea949","奠仪几何","奠仪几何","2026-07-17","2026-07-17","https://www.ifdian.net/p/85097b3e7bd011f1978652540025c377","https://www.ifdian.net/p/85097b3e7bd011f1978652540025c377","True","True","True","True"
"04_家庭与亲属秩序.md","d2e39201-c1e8-5e0c-9256-6133819f4fa0","欠债不欠恩","欠债不欠恩","2024-01-11","2024-01-11","https://www.zhihu.com/question/637670125/answer/3358749773","https://www.zhihu.com/question/637670125/answer/3358749773","True","True","True","True"
"04_家庭与亲属秩序.md","171a8ff5-4f98-5575-849e-46da57be1d50","伤绳","伤绳","2026-05-05","2026-05-05","https://www.zhihu.com/question/1946636394383515889/answer/2032393124841006935","https://www.zhihu.com/question/1946636394383515889/answer/2032393124841006935","True","True","True","True"
"04_家庭与亲属秩序.md","3a0d174c-f654-5ce2-b2ec-60fb34b0c258","双毕业","双毕业","2026-06-27","2026-06-27","https://www.zhihu.com/question/2052870237394149872/answer/2053453096483812187","https://www.zhihu.com/question/2052870237394149872/answer/2053453096483812187","True","True","True","True"
"04_家庭与亲属秩序.md","af7e49a2-94ef-537d-aaae-eca73f8b42f4","财富观 II","财富观 II","2022-12-24","2022-12-24","https://www.zhihu.com/question/411023962/answer/2814161842","https://www.zhihu.com/question/411023962/answer/2814161842","True","True","True","True"
"04_家庭与亲属秩序.md","a03985bb-d05e-5b31-86e8-90f9baee69ef","利益共同体","利益共同体","2023-03-21","2023-03-21","https://www.zhihu.com/question/590364412/answer/2945747516","https://www.zhihu.com/question/590364412/answer/2945747516","True","True","True","True"
"04_家庭与亲属秩序.md","6cf31ee2-6759-5cb3-b6e2-e2bd3aba6b8a","家族基金","家族基金","2023-01-17","2023-01-17","https://www.zhihu.com/question/579248011/answer/2849908199","https://www.zhihu.com/question/579248011/answer/2849908199","True","True","True","True"
"04_家庭与亲属秩序.md","9955b8f1-0228-51e7-bcd8-206f811b654e","绝户计","绝户计","2023-03-08","2023-03-08","https://www.zhihu.com/question/302878284/answer/2927652907","https://www.zhihu.com/question/302878284/answer/2927652907","True","True","True","True"
"04_家庭与亲属秩序.md","577b393b-67a1-5766-9651-8ecd742d17c9","探病","探病","2026-06-15","2026-06-15","https://www.ifdian.net/p/4ad313a462ac11f1a44a52540025c377","https://www.ifdian.net/p/4ad313a462ac11f1a44a52540025c377","True","True","True","True"
"04_家庭与亲属秩序.md","7c19a976-087f-5167-9d0e-23c1b80f67ad","关于应对子女抑郁的一种系统方法","关于应对子女抑郁的一种系统方法","2024-05-28","2024-05-28","https://www.zhihu.com/question/650979214/answer/3512066754","https://www.zhihu.com/question/650979214/answer/3512066754","True","True","True","True"
"04_家庭与亲属秩序.md","927ba21c-4a62-5601-8434-bf3d8290b3f2","全职主妇","全职主妇","2020-12-27","2020-12-27","https://www.zhihu.com/question/435985082/answer/1648363869","https://www.zhihu.com/question/435985082/answer/1648363869","True","True","True","True"
"04_家庭与亲属秩序.md","6a41129a-80a4-5d7a-bd80-bacac4cc24c9","放养","放养","2023-12-08","2023-12-08","https://www.zhihu.com/question/407582335/answer/3317542411","https://www.zhihu.com/question/407582335/answer/3317542411","True","True","True","True"
"04_家庭与亲属秩序.md","eb5c8088-f151-5249-a718-4ef7279880d1","救命书","救命书","2026-06-24","2026-06-24","https://www.zhihu.com/question/2032102933781856883/answer/2035367468101845829","https://www.zhihu.com/question/2032102933781856883/answer/2035367468101845829","True","True","True","True"
"04_家庭与亲属秩序.md","4b2e88a4-9a83-5331-9cb4-eae2db2e95a2","如意结","如意结","2025-12-24","2025-12-24","https://afdian.com/p/2c0cb506daad11f0b96a52540025c377","https://afdian.com/p/2c0cb506daad11f0b96a52540025c377","True","True","True","True"
"04_家庭与亲属秩序.md","88e5e5c3-52de-5637-a706-977a25c4d828","家务教育","家务教育","2026-04-26","2026-04-26","https://www.ifdian.net/p/d7388ddc3b6111f18e3952540025c377","https://www.ifdian.net/p/d7388ddc3b6111f18e3952540025c377","True","True","True","True"
"04_家庭与亲属秩序.md","251d8f00-f6a7-5f72-8e55-691d2f0ef223","拖拉机","拖拉机","2019-01-12","2019-01-12","https://www.zhihu.com/question/308056561/answer/571941398","https://www.zhihu.com/question/308056561/answer/571941398","True","True","True","True"
"04_家庭与亲属秩序.md","d07965f5-b60f-5a09-b91d-c9894cdd7de9","小摊牌","小摊牌","2024-03-29","2024-03-29","https://afdian.com/p/9572e398ed3e11eebfac5254001e7c00","https://afdian.com/p/9572e398ed3e11eebfac5254001e7c00","True","True","True","True"
"04_家庭与亲属秩序.md","bed38c2e-a10f-5ae2-99a3-26cdbd0f4795","王不见王","王不见王","2024-06-30","2024-06-30","https://www.zhihu.com/question/659908900/answer/3546501302","https://www.zhihu.com/question/659908900/answer/3546501302","True","True","True","True"
"04_家庭与亲属秩序.md","73622cfd-2dfa-5af9-a4a7-6197c5f4f246","推挤","推挤","2025-08-08","2025-08-08","https://afdian.com/p/e087f68c6e4f11f09e3c52540025c377","https://afdian.com/p/e087f68c6e4f11f09e3c52540025c377","True","True","True","True"
"04_家庭与亲属秩序.md","bf9f7d37-942e-5efd-b212-3bbd9bfec221","暴力债","暴力债","2024-11-30","2024-11-30","https://www.zhihu.com/question/407247948/answer/44460736197","https://www.zhihu.com/question/407247948/answer/44460736197","True","True","True","True"
"04_家庭与亲属秩序.md","110e0b03-7dc0-54f9-944c-06a6d5934753","门当户对","门当户对","2019-05-19","2019-05-19","https://www.zhihu.com/question/320314301/answer/687854449","https://www.zhihu.com/question/320314301/answer/687854449","True","True","True","True"
"04_家庭与亲属秩序.md","16c53ed9-9140-52ee-b289-d5a0c8eb6ffc","家族","家族","2019-06-19","2019-06-19","https://www.zhihu.com/question/311787622/answer/721084936","https://www.zhihu.com/question/311787622/answer/721084936","True","True","True","True"
"04_家庭与亲属秩序.md","bf193bd7-4f2a-5cd2-8208-da6729d44ba2","生于斯","生于斯","2025-12-17","2025-12-17","https://www.zhihu.com/question/503463009/answer/1984754214891701635","https://www.zhihu.com/question/503463009/answer/1984754214891701635","True","True","True","True"
"04_家庭与亲属秩序.md","9b0b722e-18ec-5a5e-97b2-bfe7baf20405","三代乃成","三代乃成","2023-09-23","2023-09-23","https://www.zhihu.com/question/622913795/answer/3222818110","https://www.zhihu.com/question/622913795/answer/3222818110","True","True","True","True"
"04_家庭与亲属秩序.md","fba61b87-e09e-5454-a83a-2bc6af90356a","南北宗族","南北宗族","2025-03-02","2025-03-02","https://www.zhihu.com/question/330542822/answer/93226941630","https://www.zhihu.com/question/330542822/answer/93226941630","True","True","True","True"
"04_家庭与亲属秩序.md","625d025d-e6e9-5a00-a47f-f8f8992eb39b","家族史记录","家族史记录","2024-09-26","2024-09-26","https://afdian.com/p/cbcdfa7c7be611ef93e652540025c377","https://afdian.com/p/cbcdfa7c7be611ef93e652540025c377","True","True","True","True"
"05_亲密关系与婚恋.md","87f504be-9ec1-513f-9ef2-35b5afb76690","有恋无爱","有恋无爱","2026-06-22","2026-06-22","https://www.zhihu.com/question/1991793475268673696/answer/2030323731600552037","https://www.zhihu.com/question/1991793475268673696/answer/2030323731600552037","True","True","True","True"
"05_亲密关系与婚恋.md","8bc2c71a-1303-5254-a513-fdb710fb8876","小小红花","小小红花","2026-07-15","2026-07-15","https://www.ifdian.net/p/8a2ac9c67a4311f1887f5254001e7c00","https://www.ifdian.net/p/8a2ac9c67a4311f1887f5254001e7c00","True","True","True","True"
"05_亲密关系与婚恋.md","a5d469ca-ec51-5425-9881-20dc4c62a232","谈的必要","谈的必要","2022-08-14","2022-08-14","https://www.zhihu.com/question/548219694/answer/2625442864","https://www.zhihu.com/question/548219694/answer/2625442864","True","True","True","True"
"05_亲密关系与婚恋.md","6c2a2e7d-58e9-54ac-b872-556fcd359739","爱无侥幸","爱无侥幸","2024-07-14","2024-07-14","https://www.zhihu.com/question/661055196/answer/3561475478","https://www.zhihu.com/question/661055196/answer/3561475478","True","True","True","True"
"05_亲密关系与婚恋.md","393616a4-e6c8-51a6-b8ec-ef5cbd3dc5d1","大可爱","大可爱","2026-03-01","2026-03-01","https://www.zhihu.com/question/458871467/answer/2011542565971830760","https://www.zhihu.com/question/458871467/answer/2011542565971830760","True","True","True","True"
"05_亲密关系与婚恋.md","f6fe9e2d-ca06-5a84-82b6-b7fe1d331120","爱的核心","爱的核心","2024-12-16","2024-12-16","https://zhuanlan.zhihu.com/p/12881832004","https://zhuanlan.zhihu.com/p/12881832004","True","True","True","True"
"05_亲密关系与婚恋.md","3391e97d-14c5-567c-964a-72368422ba53","恋爱原理","恋爱原理","2021-05-26","2021-05-26","https://www.zhihu.com/question/461267669/answer/1906986171","https://www.zhihu.com/question/461267669/answer/1906986171","True","True","True","True"
"05_亲密关系与婚恋.md","f7a9915b-3031-56d6-9c10-460d6dff6b53","爱情长跑","爱情长跑","2023-01-31","2023-01-31","https://www.zhihu.com/question/581134104/answer/2868446976","https://www.zhihu.com/question/581134104/answer/2868446976","True","True","True","True"
"05_亲密关系与婚恋.md","a8fdb53f-15f9-5c30-bad8-7372ad185df2","勤为要","勤为要","2026-06-26","2026-06-26","https://www.zhihu.com/question/2050475528524657341/answer/2053259874218284630","https://www.zhihu.com/question/2050475528524657341/answer/2053259874218284630","True","True","True","True"
"05_亲密关系与婚恋.md","861fef3e-8a74-5dfc-a4a0-0288640bc5a6","亲密关系的充分理由","亲密关系的充分理由","2022-06-28","2022-06-28","https://www.zhihu.com/question/540214555/answer/2548225605","https://www.zhihu.com/question/540214555/answer/2548225605","True","True","True","True"
"05_亲密关系与婚恋.md","9bc5a2cd-cb67-5631-b227-29c5862aa1d4","不表而白","不表而白","2024-06-29","2024-06-29","https://afdian.com/p/9c028d2635a511efaf715254001e7c00","https://afdian.com/p/9c028d2635a511efaf715254001e7c00","True","True","True","True"
"05_亲密关系与婚恋.md","f1298897-d133-5dba-8f4d-2123cb0e612b","早恋1","早恋1","2023-12-28","2023-12-28","https://afdian.com/p/0c26f170a4ea11eea1de52540025c377","https://afdian.com/p/0c26f170a4ea11eea1de52540025c377","True","True","True","True"
"05_亲密关系与婚恋.md","8f631982-8f74-539e-ade3-31e78b2b2f7f","未足之婚","未足之婚","2026-07-12","2026-07-12","https://www.zhihu.com/question/2058261379547772168/answer/2058717131450086422","https://www.zhihu.com/question/2058261379547772168/answer/2058717131450086422","True","True","True","True"
"05_亲密关系与婚恋.md","3204a233-e257-55df-8157-8c03ae03dcaa","幸福的窗口","幸福的窗口","2026-05-24","2026-05-24","https://www.ifdian.net/p/a3235f94515611f198745254001e7c00","https://www.ifdian.net/p/a3235f94515611f198745254001e7c00","True","True","True","True"
"05_亲密关系与婚恋.md","bed38c2e-a10f-5ae2-99a3-26cdbd0f4795","王不见王","王不见王","2024-06-30","2024-06-30","https://www.zhihu.com/question/659908900/answer/3546501302","https://www.zhihu.com/question/659908900/answer/3546501302","True","True","True","True"
"05_亲密关系与婚恋.md","99e9a036-ccdc-5f7a-aaad-04f51b1a2171","智能终端","智能终端","2021-09-02","2021-09-02","https://www.zhihu.com/question/458232041/answer/2097931385","https://www.zhihu.com/question/458232041/answer/2097931385","True","True","True","True"
"05_亲密关系与婚恋.md","239864fc-672d-5425-831f-58a85b942faa","再三之后","再三之后","2026-06-18","2026-06-18","https://www.zhihu.com/question/1912584982687360284/answer/2051074791961105921","https://www.zhihu.com/question/1912584982687360284/answer/2051074791961105921","True","True","True","True"
"05_亲密关系与婚恋.md","92aa0eef-4f02-5861-8217-f8b28866a6cb","苦而不忍","苦而不忍","2020-12-18","2020-12-18","https://www.zhihu.com/question/432723456/answer/1633172489","https://www.zhihu.com/question/432723456/answer/1633172489","True","True","True","True"
"05_亲密关系与婚恋.md","85d05c4a-c611-5d84-81b6-04f6c1068fd0","结婚条件","结婚条件","2019-05-15","2019-05-15","https://www.zhihu.com/question/21778422/answer/684430223","https://www.zhihu.com/question/21778422/answer/684430223","True","True","True","True"
"05_亲密关系与婚恋.md","470eb4f1-f9cf-5860-9b3a-93134cafe576","婚内财产","婚内财产","2024-04-11","2024-04-11","https://www.zhihu.com/question/652507587/answer/3461672281","https://www.zhihu.com/question/652507587/answer/3461672281","True","True","True","True"
"05_亲密关系与婚恋.md","801d6c57-141e-5fbd-90b3-ac3843ef235a","收入管理共识","收入管理共识","2021-05-07","2021-05-07","https://www.zhihu.com/question/446421532/answer/1872341151","https://www.zhihu.com/question/446421532/answer/1872341151","True","True","True","True"
"05_亲密关系与婚恋.md","77c688c5-82d1-5d86-ab4e-d9543dcc3439","吃亏高手","吃亏高手","2023-09-07","2023-09-07","https://www.zhihu.com/question/619847948/answer/3200297739","https://www.zhihu.com/question/619847948/answer/3200297739","True","True","True","True"
"05_亲密关系与婚恋.md","fc8bb6e0-acc0-50fb-813d-037e499df67c","clean start","clean start","2026-06-27","2026-06-27","https://www.zhihu.com/question/2050543609603216258/answer/2053560726321730327","https://www.zhihu.com/question/2050543609603216258/answer/2053560726321730327","True","True","True","True"
"05_亲密关系与婚恋.md","f950a721-c22c-5c24-a55a-4a840db58db6","趵突泉","趵突泉","2025-02-08","2025-02-08","https://www.zhihu.com/question/10747265904/answer/95403086026","https://www.zhihu.com/question/10747265904/answer/95403086026","True","True","True","True"
"05_亲密关系与婚恋.md","26039300-f815-55a5-bd97-e5aa22635fba","高跟","高跟","2026-07-12","2026-07-12","https://www.zhihu.com/question/589084113/answer/2058906714028644292","https://www.zhihu.com/question/589084113/answer/2058906714028644292","True","True","True","True"
"05_亲密关系与婚恋.md","be11fc4e-aa10-5562-b303-6cffcea4b6a9","当仁不让","当仁不让","2026-06-25","2026-06-25","https://www.ifdian.net/p/fdcb72726a7b11f1b12e52540025c377","https://www.ifdian.net/p/fdcb72726a7b11f1b12e52540025c377","True","True","True","True"
"05_亲密关系与婚恋.md","5530ea69-662b-5400-8fae-ad0a0a325e38","一碗油盐饭","一碗油盐饭","2026-06-23","2026-06-23","https://www.zhihu.com/question/2036557109429543087/answer/2040828882861942775","https://www.zhihu.com/question/2036557109429543087/answer/2040828882861942775)","True","True","True","True"
"05_亲密关系与婚恋.md","8c003e8e-8019-5beb-a424-d53c0a7a041d","余庆","余庆","2026-03-31","2026-03-31","https://www.zhihu.com/question/1958547022152959995/answer/2015484705303175367","https://www.zhihu.com/question/1958547022152959995/answer/2015484705303175367","True","True","True","True"
"05_亲密关系与婚恋.md","6c9de5c8-a892-5096-b987-d94062951c99","问鸟","问鸟","2026-03-01","2026-03-01","https://www.zhihu.com/question/2009637367900837199/answer/2011077711515370110","https://www.zhihu.com/question/2009637367900837199/answer/2011077711515370110","True","True","True","True"
"05_亲密关系与婚恋.md","ed1a358b-b31d-5945-b776-b8573ecaa0c4","松则久","松则久","2026-07-14","2026-07-14","https://www.zhihu.com/question/308348833/answer/2042325192739927037","https://www.zhihu.com/question/308348833/answer/2042325192739927037","True","True","True","True"
"05_亲密关系与婚恋.md","6ee6c6fa-790a-50d2-be45-d01a3d9772a0","女生不讲理","女生不讲理","2020-11-19","2020-11-19","https://www.zhihu.com/question/430362880/answer/1583182664","https://www.zhihu.com/question/430362880/answer/1583182664","True","True","True","True"
"05_亲密关系与婚恋.md","9f9bba60-c970-56f6-b5f0-bb569c2848df","吵架","吵架","2024-07-20","2024-07-20","https://www.zhihu.com/question/34500647/answer/2001555980379522604","https://www.zhihu.com/question/34500647/answer/2001555980379522604","True","True","True","True"
"05_亲密关系与婚恋.md","349b7eca-3498-5a36-b23a-232c4b794bee","爱与妥协","爱与妥协","2022-07-29","2022-07-29","https://www.zhihu.com/question/545832415/answer/2598902178","https://www.zhihu.com/question/545832415/answer/2598902178","True","True","True","True"
"05_亲密关系与婚恋.md","0b170991-fb0c-5a24-bfa3-7b24716569cf","泄洪渠","泄洪渠","2023-10-03","2023-10-03","https://www.zhihu.com/question/613990993/answer/3234777088","https://www.zhihu.com/question/613990993/answer/3234777088","True","True","True","True"
"05_亲密关系与婚恋.md","d51ccb8e-f94b-55a0-a5d7-7c1b4f4cf0b2","求之不得","求之不得","2021-07-26","2021-07-26","https://www.zhihu.com/question/59242753/answer/2020495838","https://www.zhihu.com/question/59242753/answer/2020495838","True","True","True","True"
"05_亲密关系与婚恋.md","2ea75a89-3b44-58bf-95eb-9a3a0e6c369e","冷且处理","冷且处理","2026-06-19","2026-06-19","https://www.ifdian.net/p/eae9a78065d211f18e065254001e7c00","https://www.ifdian.net/p/eae9a78065d211f18e065254001e7c00","True","True","True","True"
"05_亲密关系与婚恋.md","0ccda9c2-88cf-5cd4-a55c-ced38178fb48","何如不问","何如不问","2021-09-16","2021-09-16","https://www.zhihu.com/question/36380039/answer/2124277929","https://www.zhihu.com/question/36380039/answer/2124277929","True","True","True","True"
"05_亲密关系与婚恋.md","98a4e584-e382-58f7-bac5-3cadf54aa7ab","无界","无界","2024-06-06","2024-06-06","https://afdian.com/p/044f0ee823f111efa2c452540025c377","https://afdian.com/p/044f0ee823f111efa2c452540025c377","True","True","True","True"
"05_亲密关系与婚恋.md","01faf33a-9ab0-5503-9426-13eb2cfa8922","克制真爱","克制真爱","2024-03-10","2024-03-10","https://www.zhihu.com/question/623291314/answer/3424795271","https://www.zhihu.com/question/623291314/answer/3424795271","True","True","True","True"
"05_亲密关系与婚恋.md","f41e9566-f2d7-572c-9823-4c384370fd82","性","性","2021-05-01","2021-05-01","https://www.zhihu.com/question/284304157/answer/1863415524","https://www.zhihu.com/question/284304157/answer/1863415524","True","True","True","True"
"05_亲密关系与婚恋.md","87a46d99-4c5e-509d-8c58-adf6dc2ed5fc","爱以介意为耻","爱以介意为耻","2024-11-08","2024-11-08","https://www.zhihu.com/question/468721157/answer/25597165075","https://www.zhihu.com/question/468721157/answer/25597165075","True","True","True","True"
"05_亲密关系与婚恋.md","b5e5a89e-ed07-5580-9414-b882995c136b","情绪的边界","情绪的边界","2025-02-24","2025-02-24","https://afdian.com/p/7feec654f2ab11efb20052540025c377","https://afdian.com/p/7feec654f2ab11efb20052540025c377","True","True","True","True"
"05_亲密关系与婚恋.md","557cd798-03d7-57fd-a7a4-14f743e1ba13","凭爱分手","凭爱分手","2020-04-27","2020-04-27","https://www.zhihu.com/question/308996023/answer/1183361290","https://www.zhihu.com/question/308996023/answer/1183361290","True","True","True","True"
"05_亲密关系与婚恋.md","6b549588-738e-5535-87ad-b9f434ec297e","失恋的意义","失恋的意义","2024-06-25","2024-06-25","https://afdian.com/p/9eab0f04329811efb46352540025c377","https://afdian.com/p/9eab0f04329811efb46352540025c377","True","True","True","True"
"05_亲密关系与婚恋.md","2d01ce4c-3faf-5109-a883-5a8f91ef4311","情感挽回大师","情感挽回大师","2021-07-07","2021-07-07","https://www.zhihu.com/question/470420822/answer/1983575141","https://www.zhihu.com/question/470420822/answer/1983575141","True","True","True","True"
"05_亲密关系与婚恋.md","770cbfed-54ae-52be-b1c9-72d53392972b","断续","断续","2023-11-02","2023-11-02","https://www.zhihu.com/question/483204673/answer/3273430536","https://www.zhihu.com/question/483204673/answer/3273430536","True","True","True","True"
"05_亲密关系与婚恋.md","4785488c-ee5e-5dc5-ab82-dc075fe56891","单","单","2026-05-07","2026-05-07","https://www.ifdian.net/p/b23a399a440311f180bf52540025c377","https://www.ifdian.net/p/b23a399a440311f180bf52540025c377","True","True","True","True"
"05_亲密关系与婚恋.md","f62f4ebd-249a-571a-b367-0615c630db31","离婚要事","离婚要事","2021-07-03","2021-07-03","https://www.zhihu.com/question/468633317/answer/1975431582","https://www.zhihu.com/question/468633317/answer/1975431582","True","True","True","True"
"08_可错知识与教育实践.md","4cbed42c-3df1-5042-bc95-625b46e3256e","高中书目","高中书目","2020-06-27","2020-06-27","https://www.zhihu.com/question/403634755/answer/1304983217","https://www.zhihu.com/question/403634755/answer/1304983217","True","True","True","True"
"08_可错知识与教育实践.md","c34ca81a-ada6-5462-b656-e70a8805cf0b","终极真理","终极真理","2020-05-21","2020-05-21","https://www.zhihu.com/question/384694502/answer/1236260309","https://www.zhihu.com/question/384694502/answer/1236260309","True","True","True","True"
"08_可错知识与教育实践.md","23d679c7-bf1c-5572-9320-d6854eeac3a0","自强","自强","2020-10-10","2020-10-10","https://www.zhihu.com/question/267653585/answer/1515660778","https://www.zhihu.com/question/267653585/answer/1515660778","True","True","True","True"
"08_可错知识与教育实践.md","05a4a9b4-4c5b-5dd4-bcc5-986e293d4955","复盘","复盘","2021-05-01","2021-05-01","https://www.zhihu.com/question/406224720/answer/1863916109","https://www.zhihu.com/question/406224720/answer/1863916109","True","True","True","True"
"08_可错知识与教育实践.md","16126b72-a5b9-5349-b824-e1bb45a63ac8","好错","好错","2024-06-03","2024-06-03","https://www.zhihu.com/question/648283158/answer/3518255244","https://www.zhihu.com/question/648283158/answer/3518255244","True","True","True","True"
"08_可错知识与教育实践.md","5a351e52-4607-5c35-add1-6420fe541078","学习的料","学习的料","2025-07-30","2025-07-30","https://afdian.com/p/3a9c5c52673a11f09dc85254001e7c00","https://afdian.com/p/3a9c5c52673a11f09dc85254001e7c00","True","True","True","True"
"08_可错知识与教育实践.md","c3db643c-12ad-5b7b-ad3d-a6d940ab1aaf","拿蛇的人","拿蛇的人","2026-03-25","2026-03-25","https://www.zhihu.com/question/1969512772179042703/answer/2014779536173200774","https://www.zhihu.com/question/1969512772179042703/answer/2014779536173200774","True","True","True","True"
"08_可错知识与教育实践.md","e457fe82-86ed-5900-be4a-4c86f0d18279","天赋","天赋","2021-09-21","2021-09-21","https://www.zhihu.com/question/35318941/answer/2132354653","https://www.zhihu.com/question/35318941/answer/2132354653","True","True","True","True"
"08_可错知识与教育实践.md","8f4fbf3b-2b47-50af-bc66-1acd58a9b947","劳动技能","劳动技能","2022-05-06","2022-05-06","https://www.zhihu.com/question/531443999/answer/2472301817","https://www.zhihu.com/question/531443999/answer/2472301817","True","True","True","True"
"08_可错知识与教育实践.md","646df58c-b155-5563-8646-c7d5dae28529","战而后胜","战而后胜","2025-08-31","2025-08-31","https://www.zhihu.com/question/39261295/answer/1945530289108526198","https://www.zhihu.com/question/39261295/answer/1945530289108526198","True","True","True","True"
"08_可错知识与教育实践.md","f62a367a-978f-5c01-8471-170daaa2eea8","疗愈艺术","疗愈艺术","2021-05-25","2021-05-25","https://www.zhihu.com/question/458078011/answer/1904038706","https://www.zhihu.com/question/458078011/answer/1904038706","True","True","True","True"
"08_可错知识与教育实践.md","c51db42c-0852-5eb1-89a8-dcc401d84133","入东宫","入东宫","2025-02-18","2025-02-18","https://afdian.com/p/4db721d4edb711ef99525254001e7c00","https://afdian.com/p/4db721d4edb711ef99525254001e7c00","True","True","True","True"
"08_可错知识与教育实践.md","8859afe4-31fa-5b72-a79a-675c16950c82","服从","服从","2021-06-05","2021-06-05","https://www.zhihu.com/question/463206973/answer/1924612230","https://www.zhihu.com/question/463206973/answer/1924612230","True","True","True","True"
"08_可错知识与教育实践.md","f487299b-2c7e-5999-bc7b-cff6dcb80074","自下而上","自下而上","2024-12-17","2024-12-17","https://afdian.com/p/6bcccf56bc4411efb99852540025c377","https://afdian.com/p/6bcccf56bc4411efb99852540025c377","True","True","True","True"
"08_可错知识与教育实践.md","61843e2f-9230-5dc2-adf6-bb7b3416d5f6","不听老人言","不听老人言","2026-05-10","2026-05-10","https://www.zhihu.com/question/1889581579178849918/answer/2033525184934715882","https://www.zhihu.com/question/1889581579178849918/answer/2033525184934715882","True","True","True","True"
"08_可错知识与教育实践.md","fc9bfc64-1e42-5634-a0e3-d45beedec107","专业第一","专业第一","2026-01-05","2026-01-05","https://www.zhihu.com/question/646556722/answer/1991546774050083866","https://www.zhihu.com/question/646556722/answer/1991546774050083866","True","True","True","True"
"08_可错知识与教育实践.md","a5abe3ed-770e-571b-a698-ad9edad89603","友立思考","友立思考","2026-05-28","2026-05-28","https://www.zhihu.com/question/660298860/answer/2025238718122837960","https://www.zhihu.com/question/660298860/answer/2025238718122837960","True","True","True","True"
"08_可错知识与教育实践.md","25746513-cdd3-5a84-9f85-70b71fb1410b","晚餐会","晚餐会","2026-03-22","2026-03-22","https://www.zhihu.com/question/662298837/answer/2015738767038775453","https://www.zhihu.com/question/662298837/answer/2015738767038775453","True","True","True","True"
"08_可错知识与教育实践.md","11ad7ad3-87eb-5681-93e2-de3e21cbd8a2","批评","批评","2020-08-26","2020-08-26","https://www.zhihu.com/question/22987136/answer/1434894604","https://www.zhihu.com/question/22987136/answer/1434894604","True","True","True","True"
"08_可错知识与教育实践.md","daa2da9d-9204-588a-88a3-a5d9006bf4d4","论批评 2","论批评 2","2025-02-09","2025-02-09","https://afdian.com/p/fd6093eae6d211efac665254001e7c00","https://afdian.com/p/fd6093eae6d211efac665254001e7c00","True","True","True","True"
"08_可错知识与教育实践.md","f651d0b4-e3a5-5b4f-8e86-1bc9b5e98a82","师生一场","师生一场","2023-12-15","2023-12-15","https://www.zhihu.com/question/634135058/answer/3326101761","https://www.zhihu.com/question/634135058/answer/3326101761","True","True","True","True"
"08_可错知识与教育实践.md","50933e1e-592b-5705-b78a-2674f44f7531","监守自盗II","监守自盗II","2023-05-19","2023-05-19","https://www.zhihu.com/question/600325056/answer/3034377298","https://www.zhihu.com/question/600325056/answer/3034377298","True","True","True","True"
"08_可错知识与教育实践.md","95a97047-46ae-561c-b462-1c903c2c3ebd","尊师","尊师","2019-08-01","2019-08-01","https://www.zhihu.com/question/333195546/answer/770295864","https://www.zhihu.com/question/333195546/answer/770295864","True","True","True","True"
"08_可错知识与教育实践.md","06321acb-1e12-52ac-b56a-3e2998196c76","戏彩娱亲","戏彩娱亲","2026-02-01","2026-02-01","https://www.zhihu.com/question/6103152781/answer/2000302868058641843","https://www.zhihu.com/question/6103152781/answer/2000302868058641843","True","True","True","True"
"08_可错知识与教育实践.md","3efc94c7-8626-5648-8ef5-285fb7357c3a","好作业","好作业","2024-03-08","2024-03-08","https://www.zhihu.com/question/614578507/answer/3422645582","https://www.zhihu.com/question/614578507/answer/3422645582","True","True","True","True"
"08_可错知识与教育实践.md","323ec86f-782c-528b-b222-6c23f0e90381","老师的同学","老师的同学","2024-09-19","2024-09-19","https://www.zhihu.com/question/619415942/answer/3629999203","https://www.zhihu.com/question/619415942/answer/3629999203","True","True","True","True"
"08_可错知识与教育实践.md","2b9e02b6-54f9-5d22-a934-7bfa6e22f32b","小工程","小工程","2026-02-07","2026-02-07","https://www.zhihu.com/question/1979908360666112188/answer/2003383156632462996","https://www.zhihu.com/question/1979908360666112188/answer/2003383156632462996","True","True","True","True"
"08_可错知识与教育实践.md","f34a6dfe-fc61-5320-bdb2-6d8f6380e7c7","胜利","胜利","2023-06-21","2023-06-21","https://www.zhihu.com/question/607680310/answer/3082976217","https://www.zhihu.com/question/607680310/answer/3082976217","True","True","True","True"
"08_可错知识与教育实践.md","daadf9cc-e509-57dd-9a7c-7928fef1be3f","ai教学","ai教学","2026-02-03","2026-02-03","https://www.zhihu.com/question/1997937872972505781/answer/2001915449252807021","https://www.zhihu.com/question/1997937872972505781/answer/2001915449252807021","True","True","True","True"
"08_可错知识与教育实践.md","b942aade-6189-5f46-860f-7f04ebbc8521","拖","拖","2026-05-30","2026-05-30","https://www.ifdian.net/p/be71f314561511f197d15254001e7c00","https://www.ifdian.net/p/be71f314561511f197d15254001e7c00","True","True","True","True"
"08_可错知识与教育实践.md","4cf9b472-7b0c-5a33-8f1d-387e2ad90043","李不白","李不白","2025-06-02","2025-06-02","https://afdian.com/p/95c2ff6838ce11f0ad2752540025c377","https://afdian.com/p/95c2ff6838ce11f0ad2752540025c377","True","True","True","True"
"08_可错知识与教育实践.md","4ea41e58-3b68-5ce7-b58b-ace2f5319f37","不立文字","不立文字","2023-03-19","2023-03-19","https://www.zhihu.com/question/589693312/answer/2942867355","https://www.zhihu.com/question/589693312/answer/2942867355","True","True","True","True"
"08_可错知识与教育实践.md","becd5793-42a0-508d-9811-ce217f24500d","内卷","内卷","2023-03-01","2023-03-01","https://afdian.com/p/a22e1242b84211edb45d5254001e7c00","https://afdian.com/p/a22e1242b84211edb45d5254001e7c00","True","True","True","True"
"08_可错知识与教育实践.md","8f0ff3e0-cfe1-5cc0-8986-41217ded3fa6","龙门教","龙门教","2024-01-21","2024-01-21","https://www.zhihu.com/question/636449086/answer/3370138412","https://www.zhihu.com/question/636449086/answer/3370138412","True","True","True","True"
"08_可错知识与教育实践.md","be6521a4-5b3a-5551-8f28-21939a9e90ae","被扼杀的人才","被扼杀的人才","2025-01-26","2025-01-26","https://www.zhihu.com/question/578475772/answer/87096285953","https://www.zhihu.com/question/578475772/answer/87096285953","True","True","True","True"
"08_可错知识与教育实践.md","9da990f9-1223-52bd-8a9b-647ea5e8ab8c","真的不适合","真的不适合","2025-01-22","2025-01-22","https://www.zhihu.com/question/388887069/answer/84990329784","https://www.zhihu.com/question/388887069/answer/84990329784","True","True","True","True"
"08_可错知识与教育实践.md","0af76841-1409-5d18-af83-050cdb72bb19","高等教育","高等教育","2021-03-12","2021-03-12","https://www.zhihu.com/question/53725884/answer/1776584998","https://www.zhihu.com/question/53725884/answer/1776584998","True","True","True","True"
"08_可错知识与教育实践.md","dd6ddd34-70e9-5f86-a3e7-658ca8a20c3c","学哲学","学哲学","2020-10-30","2020-10-30","https://www.zhihu.com/question/422217308/answer/1551252488","https://www.zhihu.com/question/422217308/answer/1551252488","True","True","True","True"
"08_可错知识与教育实践.md","1c750a3d-82b1-5b07-a5b9-081b1c781296","核动力学习","核动力学习","2024-04-29","2024-04-29","https://www.zhihu.com/question/653479167/answer/3482157085","https://www.zhihu.com/question/653479167/answer/3482157085","True","True","True","True"
"08_可错知识与教育实践.md","a02cbf5d-305d-54a2-ab9a-b2c01d2c89ef","博","博","2023-11-13","2023-11-13","https://www.zhihu.com/question/434449322/answer/3286532057","https://www.zhihu.com/question/434449322/answer/3286532057","True","True","True","True"
"08_可错知识与教育实践.md","a30cf0ae-535b-5f62-bcf8-d7361ddaf2f3","抢杠铃","抢杠铃","2026-06-30","2026-06-30","https://www.zhihu.com/question/2047273309180531264/answer/2053922340728262870","https://www.zhihu.com/question/2047273309180531264/answer/2053922340728262870","True","True","True","True"
"08_可错知识与教育实践.md","e91365b5-6ff4-56cf-ba9b-d5204f5bfcb6","莫西沙","莫西沙","2025-08-03","2025-08-03","https://www.zhihu.com/question/631513904/answer/1935006121560613740","https://www.zhihu.com/question/631513904/answer/1935006121560613740","True","True","True","True"
"08_可错知识与教育实践.md","01008cb7-e4fa-57cc-a8d5-552f257050a9","教育的及格线","教育的及格线","2021-07-31","2021-07-31","https://www.zhihu.com/question/22133548/answer/2030810307","https://www.zhihu.com/question/22133548/answer/2030810307","True","True","True","True"
"08_可错知识与教育实践.md","fdf47337-3241-5790-a0da-9c0cc451c6eb","世界史","世界史","2019-09-08","2019-09-08","https://www.zhihu.com/question/334543952/answer/817647334","https://www.zhihu.com/question/334543952/answer/817647334","True","True","True","True"
"08_可错知识与教育实践.md","fd0f2067-0667-5598-9752-6a38316b61d4","新解","新解","2026-04-29","2026-04-29","https://www.zhihu.com/question/8305118500/answer/2023029526775481649","https://www.zhihu.com/question/8305118500/answer/2023029526775481649","True","True","True","True"
"08_可错知识与教育实践.md","c910978e-95b9-5cd3-8906-003309df77fb","新教育2","新教育2","2026-04-14","2026-04-14","https://www.zhihu.com/question/2016759308327608461/answer/2018852665627529880","https://www.zhihu.com/question/2016759308327608461/answer/2018852665627529880","True","True","True","True"
"08_可错知识与教育实践.md","f25d6717-47e8-5025-bfb5-cb0a0f75700c","新教育","新教育","2026-03-20","2026-03-20","https://www.zhihu.com/question/2012442872696239258/answer/2012669869284435530","https://www.zhihu.com/question/2012442872696239258/answer/2012669869284435530","True","True","True","True"
"08_可错知识与教育实践.md","cc875464-efa8-5d7e-9f74-09f206845083","事实教育","事实教育","2022-10-22","2022-10-22","https://www.zhihu.com/question/558327071/answer/2725170054","https://www.zhihu.com/question/558327071/answer/2725170054","True","True","True","True"
"09_定义达意与批评_论证修辞研究.md","4cbed42c-3df1-5042-bc95-625b46e3256e","高中书目","高中书目","2020-06-27","2020-06-27","https://www.zhihu.com/question/403634755/answer/1304983217","https://www.zhihu.com/question/403634755/answer/1304983217","True","True","True","True"
"09_定义达意与批评_论证修辞研究.md","c34ca81a-ada6-5462-b656-e70a8805cf0b","终极真理","终极真理","2020-05-21","2020-05-21","https://www.zhihu.com/question/384694502/answer/1236260309","https://www.zhihu.com/question/384694502/answer/1236260309","True","True","True","True"
"09_定义达意与批评_论证修辞研究.md","5fdad7e4-98d9-529e-9713-4365605c2e99","作为信仰的科学","作为信仰的科学","2018-12-13","2018-12-13","https://www.zhihu.com/question/305176409/answer/551275717","https://www.zhihu.com/question/305176409/answer/551275717","True","True","True","True"
"09_定义达意与批评_论证修辞研究.md","d95c9b96-39b8-567e-b8ad-7a846c1e69da","科学信仰","科学信仰","2018-12-04","2018-12-04","https://www.zhihu.com/question/33982256/answer/545101282","https://www.zhihu.com/question/33982256/answer/545101282","True","True","True","True"
"09_定义达意与批评_论证修辞研究.md","96b7c75d-ef5b-5bbe-8040-1918fcec7988","傲慢","傲慢","2020-07-15","2020-07-15","https://www.zhihu.com/question/265038298/answer/1340599942","https://www.zhihu.com/question/265038298/answer/1340599942","True","True","True","True"
"09_定义达意与批评_论证修辞研究.md","ac613538-268c-5866-bcb8-64d4191f9958","错得对","错得对","2021-06-14","2021-06-14","https://www.zhihu.com/question/463151749/answer/1939884660","https://www.zhihu.com/question/463151749/answer/1939884660","True","True","True","True"
"09_定义达意与批评_论证修辞研究.md","7eee6fed-caa7-58ef-9f05-798aabaaaf0d","偷换概念","偷换概念","2020-09-22","2020-09-22","https://www.zhihu.com/question/22081937/answer/1487453301","https://www.zhihu.com/question/22081937/answer/1487453301","True","True","True","True"
"09_定义达意与批评_论证修辞研究.md","16a059df-ba77-5ca8-8f92-f5d1b0e90825","看论证","看论证","2021-05-14","2021-05-14","https://www.zhihu.com/question/413077543/answer/1885119748","https://www.zhihu.com/question/413077543/answer/1885119748","True","True","True","True"
"09_定义达意与批评_论证修辞研究.md","3c5adff1-6b20-5999-a366-0033a5945401","子女的要求","子女的要求","2022-04-23","2022-04-23","https://www.zhihu.com/question/355524343/answer/2454079129","https://www.zhihu.com/question/355524343/answer/2454079129","True","True","True","True"
"09_定义达意与批评_论证修辞研究.md","5a1f97fa-3170-5edc-9cd4-de6dddf22e9e","合理","合理","2021-12-04","2021-12-04","https://www.zhihu.com/question/31409652/answer/2255485486","https://www.zhihu.com/question/31409652/answer/2255485486","True","True","True","True"
"09_定义达意与批评_论证修辞研究.md","25fbbd06-a8c6-57be-94bd-b3d016eb9655","不承不认","不承不认","2026-01-30","2026-01-30","https://afdian.com/p/10f4ab2af7cc11f0a29b52540025c377","https://afdian.com/p/10f4ab2af7cc11f0a29b52540025c377","True","True","True","True"
"09_定义达意与批评_论证修辞研究.md","0d19a72d-336b-5b5e-9393-681b96537a4b","无语言的思考","无语言的思考","2018-07-26","2018-07-26","https://www.zhihu.com/question/286929436/answer/452288883","https://www.zhihu.com/question/286929436/answer/452288883","True","True","True","True"
"09_定义达意与批评_论证修辞研究.md","5d1f3c9c-7df6-520f-99ce-2e2aa575f34f","政策观察","政策观察","2024-09-30","2024-09-30","https://www.zhihu.com/question/668221258/answer/3851659315","https://www.zhihu.com/question/668221258/answer/3851659315","True","True","True","True"
"09_定义达意与批评_论证修辞研究.md","afdd08c8-c5c5-549b-932e-b90cb53ebd4e","言不传身不教","言不传身不教","2026-02-06","2026-02-06","https://afdian.com/p/d0665cd2fd5411f0a2fe52540025c377","https://afdian.com/p/d0665cd2fd5411f0a2fe52540025c377","True","True","True","True"
"09_定义达意与批评_论证修辞研究.md","f652b2ce-351e-5ae3-a4cc-223db1df3e94","求鱼与救火","求鱼与救火","2023-09-25","2023-09-25","https://www.zhihu.com/question/656188096/answer/2003736056680432032","https://www.zhihu.com/question/656188096/answer/2003736056680432032","True","True","True","True"
"09_定义达意与批评_论证修辞研究.md","e4d01c0f-9653-5dfb-9f2b-df6f79e6ad2d","轻佻","轻佻","2021-12-16","2021-12-16","https://www.zhihu.com/question/506361711/answer/2273592980","https://www.zhihu.com/question/506361711/answer/2273592980","True","True","True","True"
"09_定义达意与批评_论证修辞研究.md","6d39db90-7106-5281-a777-89157c42dfeb","维特观鲨","维特观鲨","2024-10-29","2024-10-29","https://www.zhihu.com/question/665637933/answer/17978157893","https://www.zhihu.com/question/665637933/answer/17978157893","True","True","True","True"
"09_定义达意与批评_论证修辞研究.md","09575f9e-4f36-5a4e-84b3-95ee737857e8","诚实","诚实","2021-11-07","2021-11-07","https://www.zhihu.com/question/496997525/answer/2210450279","https://www.zhihu.com/question/496997525/answer/2210450279","True","True","True","True"
"09_定义达意与批评_论证修辞研究.md","14a8d32f-6ed2-5fec-bf3b-485797d9f125","经验驱动","经验驱动","2025-03-01","2025-03-01","https://afdian.com/p/6b8ba7c8f61011efa30d52540025c377","https://afdian.com/p/6b8ba7c8f61011efa30d52540025c377","True","True","True","True"
"09_定义达意与批评_论证修辞研究.md","d78d5ed7-ee55-5e51-b964-54a93c64df8c","进化心理学","进化心理学","2021-08-28","2021-08-28","https://www.zhihu.com/question/23318325/answer/2089826721","https://www.zhihu.com/question/23318325/answer/2089826721","True","True","True","True"
"09_定义达意与批评_论证修辞研究.md","7d32dc18-d43f-5b31-b663-2cc96f87ef69","工程师","工程师","2019-06-16","2019-06-16","https://www.zhihu.com/question/327471497/answer/716941677","https://www.zhihu.com/question/327471497/answer/716941677","True","True","True","True"
"09_定义达意与批评_论证修辞研究.md","cbfe5527-d7ac-536e-99a2-85246204d3b1","做计划","做计划","2020-03-09","2020-03-09","https://www.zhihu.com/question/32159310/answer/1065726051","https://www.zhihu.com/question/32159310/answer/1065726051","True","True","True","True"
"09_定义达意与批评_论证修辞研究.md","ef6cf2a8-fa9d-5452-9d72-eef7b101e227","大盾构机","大盾构机","2024-10-10","2024-10-10","https://afdian.com/p/3eebdb8a869d11ef92985254001e7c00","https://afdian.com/p/3eebdb8a869d11ef92985254001e7c00","True","True","True","True"
"09_定义达意与批评_论证修辞研究.md","22c2b873-94b4-561a-ba0c-6814625f7b47","为什么我们会输掉认知战","为什么我们会输掉认知战","2022-03-20","2022-03-20","https://zhuanlan.zhihu.com/p/484117834","https://zhuanlan.zhihu.com/p/484117834","True","True","True","True"
"09_定义达意与批评_论证修辞研究.md","6647e494-2b80-57af-b903-a1b541d9fbf6","达意责任","达意责任","2023-04-23","2023-04-23","https://www.zhihu.com/question/597272355/answer/2997235157","https://www.zhihu.com/question/597272355/answer/2997235157","True","True","True","True"
"09_定义达意与批评_论证修辞研究.md","8a7bdf9f-2cce-5d55-9210-618cfb05adcb","学好语文","学好语文","2021-03-02","2021-03-02","https://www.zhihu.com/question/446716137/answer/1757919159","https://www.zhihu.com/question/446716137/answer/1757919159","True","True","True","True"
"09_定义达意与批评_论证修辞研究.md","e811680f-3bf9-5abb-a1a3-f81d9fe6e6ff","理解的原理","理解的原理","2021-06-01","2021-06-01","https://www.zhihu.com/question/60621038/answer/1916755345","https://www.zhihu.com/question/60621038/answer/1916755345","True","True","True","True"
"09_定义达意与批评_论证修辞研究.md","f07ab86c-c47c-5502-a6be-79223813316f","故事会","故事会","2026-03-29","2026-03-29","https://afdian.com/p/80b0b9d8255611f1be5452540025c377","https://afdian.com/p/80b0b9d8255611f1be5452540025c377","True","True","True","True"
"09_定义达意与批评_论证修辞研究.md","844bc111-f9e9-5d9f-9a1d-8148ec188835","雅达","雅达","2025-05-14","2025-05-14","https://afdian.com/p/a61fb8662aa911f0bf2652540025c377","https://afdian.com/p/a61fb8662aa911f0bf2652540025c377","True","True","True","True"
"09_定义达意与批评_论证修辞研究.md","065db95a-3978-5980-8fa8-647b3d748cb2","知识的责任","知识的责任","2021-04-30","2021-04-30","https://www.zhihu.com/question/266283632/answer/1862200579","https://www.zhihu.com/question/266283632/answer/1862200579","True","True","True","True"
"09_定义达意与批评_论证修辞研究.md","11ad7ad3-87eb-5681-93e2-de3e21cbd8a2","批评","批评","2020-08-26","2020-08-26","https://www.zhihu.com/question/22987136/answer/1434894604","https://www.zhihu.com/question/22987136/answer/1434894604","True","True","True","True"
"09_定义达意与批评_论证修辞研究.md","daa2da9d-9204-588a-88a3-a5d9006bf4d4","论批评 2","论批评 2","2025-02-09","2025-02-09","https://afdian.com/p/fd6093eae6d211efac665254001e7c00","https://afdian.com/p/fd6093eae6d211efac665254001e7c00","True","True","True","True"
"09_定义达意与批评_论证修辞研究.md","9d1094c3-6fdf-5065-a3ec-e52c9eaed04d","指出错误权","指出错误权","2024-10-22","2024-10-22","https://afdian.com/p/1ac8041e900111efa4225254001e7c00","https://afdian.com/p/1ac8041e900111efa4225254001e7c00","True","True","True","True"
"09_定义达意与批评_论证修辞研究.md","8093cce8-fbd1-5050-b629-09fed6563b52","质疑","质疑","2022-06-27","2022-06-27","https://www.zhihu.com/question/530095941/answer/2546633947","https://www.zhihu.com/question/530095941/answer/2546633947","True","True","True","True"
"09_定义达意与批评_论证修辞研究.md","648586c8-4dde-5e7a-a35a-46d65483e4b6","道歉","道歉","2021-01-19","2021-01-19","https://www.zhihu.com/question/21155350/answer/1685222095","https://www.zhihu.com/question/21155350/answer/1685222095","True","True","True","True"
"09_定义达意与批评_论证修辞研究.md","6b6519bb-fa77-51a0-9c13-0e60d5e6eb05","修和之礼","修和之礼","2023-05-02","2023-05-02","https://www.zhihu.com/question/68120611/answer/3009802792","https://www.zhihu.com/question/68120611/answer/3009802792","True","True","True","True"
"09_定义达意与批评_论证修辞研究.md","05a4a9b4-4c5b-5dd4-bcc5-986e293d4955","复盘","复盘","2021-05-01","2021-05-01","https://www.zhihu.com/question/406224720/answer/1863916109","https://www.zhihu.com/question/406224720/answer/1863916109","True","True","True","True"
"09_定义达意与批评_论证修辞研究.md","3d0daabb-8f65-5e52-b6b0-03280864f723","史不绝书","史不绝书","2026-07-14","2026-07-14","https://www.zhihu.com/question/9945672304/answer/2042201727336714267","https://www.zhihu.com/question/9945672304/answer/2042201727336714267","True","True","True","True"
"09_定义达意与批评_论证修辞研究.md","25fc6c41-fd55-5d14-a8e3-8cb8dcce81d9","搞点科学","搞点科学","2022-10-16","2022-10-16","https://www.zhihu.com/question/552121513/answer/2717066208","https://www.zhihu.com/question/552121513/answer/2717066208","True","True","True","True"
"09_定义达意与批评_论证修辞研究.md","9b0b722e-18ec-5a5e-97b2-bfe7baf20405","三代乃成","三代乃成","2023-09-23","2023-09-23","https://www.zhihu.com/question/622913795/answer/3222818110","https://www.zhihu.com/question/622913795/answer/3222818110","True","True","True","True"
"09_定义达意与批评_论证修辞研究.md","f0e6b60b-5f91-5037-9796-480eeca991b2","芯片","芯片","2018-09-25","2018-09-25","https://www.zhihu.com/question/275316968/answer/497644862","https://www.zhihu.com/question/275316968/answer/497644862","True","True","True","True"
"09_定义达意与批评_论证修辞研究.md","c76169b7-8062-5ed6-a8b5-8f121b6665a9","知识的上限","知识的上限","2023-06-19","2023-06-19","https://afdian.com/p/6bb258ec0e3511ee8b2c5254001e7c00","https://afdian.com/p/6bb258ec0e3511ee8b2c5254001e7c00","True","True","True","True"
"09_定义达意与批评_论证修辞研究.md","6565e946-d35d-5651-9ba8-b4db73c846d4","悲观与乐观","悲观与乐观","2018-12-23","2018-12-23","https://www.zhihu.com/question/266034365/answer/557697304","https://www.zhihu.com/question/266034365/answer/557697304","True","True","True","True"
"09_定义达意与批评_论证修辞研究.md","28ea871e-515d-5e0d-8699-cd1af888f664","制赌","制赌","2021-04-05","2021-04-05","https://www.zhihu.com/question/308289812/answer/1817707442","https://www.zhihu.com/question/308289812/answer/1817707442","True","True","True","True"
"09_定义达意与批评_论证修辞研究.md","c4bab8ec-36c8-546c-84b2-a9fa20cd813d","前途","前途","2020-09-26","2020-09-26","https://www.zhihu.com/question/409844164/answer/1494926798","https://www.zhihu.com/question/409844164/answer/1494926798","True","True","True","True"
"09_定义达意与批评_论证修辞研究.md","eb01897e-5109-5976-9443-e08c2a60d5fc","亦真亦幻","亦真亦幻","2020-07-05","2020-07-05","https://www.zhihu.com/question/404446499/answer/1319413675","https://www.zhihu.com/question/404446499/answer/1319413675","True","True","True","True"
"09_定义达意与批评_论证修辞研究.md","c7ac910b-a11d-5123-877d-77ef606ec789","弄潮","弄潮","2024-12-31","2024-12-31","https://afdian.com/p/03bde97ac75911efa97752540025c377","https://afdian.com/p/03bde97ac75911efa97752540025c377","True","True","True","True"
"09_定义达意与批评_论证修辞研究.md","bd497e81-413b-5e4c-b1df-001d0efbd369","可控核聚变","可控核聚变","2018-07-22","2018-07-22","https://www.zhihu.com/question/267170674/answer/448696808","https://www.zhihu.com/question/267170674/answer/448696808","True","True","True","True"
"14_心理主体修复与情绪劳动.md","101192ad-8c18-5d1a-abfe-c6d8e7727c38","砼","砼","2026-07-09","2026-07-09","https://www.zhihu.com/question/1953990821335507505/answer/2037138815870096722","https://www.zhihu.com/question/1953990821335507505/answer/2037138815870096722","True","True","True","True"
"14_心理主体修复与情绪劳动.md","045db0cb-7ec9-5c10-a193-677097d0ab3d","痛苦根源","痛苦根源","2020-07-17","2020-07-17","https://www.zhihu.com/question/398299040/answer/1343016010","https://www.zhihu.com/question/398299040/answer/1343016010","True","True","True","True"
"14_心理主体修复与情绪劳动.md","187c3d69-0285-556e-a304-def1545e6292","反刍痛苦","反刍痛苦","2021-08-05","2021-08-05","https://www.zhihu.com/question/304564566/answer/2041446980","https://www.zhihu.com/question/304564566/answer/2041446980","True","True","True","True"
"14_心理主体修复与情绪劳动.md","b8f88d55-2aa2-5e96-9a9d-4c486b4f4f42","适度焦虑","适度焦虑","2023-10-20","2023-10-20","https://www.zhihu.com/question/522753742/answer/2029837103773626665","https://www.zhihu.com/question/522753742/answer/2029837103773626665","True","True","True","True"
"14_心理主体修复与情绪劳动.md","4eae907d-2995-55ad-8c9e-0b33069b615b","自卑","自卑","2021-04-21","2021-04-21","https://www.zhihu.com/question/20694013/answer/1846677969","https://www.zhihu.com/question/20694013/answer/1846677969","True","True","True","True"
"14_心理主体修复与情绪劳动.md","bbe903b2-99ab-5425-a566-e7dfd1ae6c2d","自信","自信","2018-10-15","2018-10-15","https://www.zhihu.com/question/269905766/answer/510828072","https://www.zhihu.com/question/269905766/answer/510828072","True","True","True","True"
"14_心理主体修复与情绪劳动.md","b21801b6-2218-5ed0-a328-2c034ac861c6","自尊自信自负","自尊自信自负","2025-11-06","2025-11-06","https://afdian.com/p/a47a3c74b51011f0a69352540025c377","https://afdian.com/p/a47a3c74b51011f0a69352540025c377","True","True","True","True"
"14_心理主体修复与情绪劳动.md","06b3e8ca-8ac1-55a3-8b5d-ccc88d41b814","自尊与虚荣","自尊与虚荣","2025-06-07","2025-06-07","https://afdian.com/p/f0aa80a03d7d11f084c152540025c377","https://afdian.com/p/f0aa80a03d7d11f084c152540025c377","True","True","True","True"
"14_心理主体修复与情绪劳动.md","8efa0022-a2d3-52aa-ab8c-1cd53e03a076","自尊者自信","自尊者自信","2024-05-17","2024-05-17","https://www.zhihu.com/question/654966956/answer/2050848781999019426","https://www.zhihu.com/question/654966956/answer/2050848781999019426","True","True","True","True"
"14_心理主体修复与情绪劳动.md","7c1411c5-4487-5f94-9252-ba8067b5245f","战胜抑郁","战胜抑郁","2021-02-06","2021-02-06","https://www.zhihu.com/question/442116076/answer/1717514028","https://www.zhihu.com/question/442116076/answer/1717514028","True","True","True","True"
"14_心理主体修复与情绪劳动.md","1da7d8ed-010d-57fa-bd76-15259ca65678","逃避伤害","逃避伤害","2018-08-01","2018-08-01","https://www.zhihu.com/question/287849222/answer/458128741","https://www.zhihu.com/question/287849222/answer/458128741","True","True","True","True"
"14_心理主体修复与情绪劳动.md","8a49d412-0d16-53de-8b16-89f95e650b50","宁不畏死","宁不畏死","2018-08-18","2018-08-18","https://www.zhihu.com/question/290777932/answer/472110636","https://www.zhihu.com/question/290777932/answer/472110636","True","True","True","True"
"14_心理主体修复与情绪劳动.md","7c19a976-087f-5167-9d0e-23c1b80f67ad","关于应对子女抑郁的一种系统方法","关于应对子女抑郁的一种系统方法","2024-05-28","2024-05-28","https://www.zhihu.com/question/650979214/answer/3512066754","https://www.zhihu.com/question/650979214/answer/3512066754","True","True","True","True"
"14_心理主体修复与情绪劳动.md","118b1ce8-3d30-51f5-82eb-af8a008d0c04","快乐的信心","快乐的信心","2026-07-07","2026-07-07","https://www.ifdian.net/p/ba5af6c2732511f1b71f5254001e7c00","https://www.ifdian.net/p/ba5af6c2732511f1b71f5254001e7c00","True","True","True","True"
"14_心理主体修复与情绪劳动.md","5e309b60-93d9-5661-bf0e-dc1ff03f3478","论情绪价值","论情绪价值","2026-03-31","2026-03-31","https://www.zhihu.com/question/1938916490674960180/answer/2016129066776948759","https://www.zhihu.com/question/1938916490674960180/answer/2016129066776948759","True","True","True","True"
"14_心理主体修复与情绪劳动.md","ed1a358b-b31d-5945-b776-b8573ecaa0c4","松则久","松则久","2026-07-14","2026-07-14","https://www.zhihu.com/question/308348833/answer/2042325192739927037","https://www.zhihu.com/question/308348833/answer/2042325192739927037","True","True","True","True"
"14_心理主体修复与情绪劳动.md","d1e94702-6eb1-59d0-9e72-cd48c45a05fe","表达情绪","表达情绪","2025-10-19","2025-10-19","https://afdian.com/p/02265bf2a6c311f08dfe52540025c377","https://afdian.com/p/02265bf2a6c311f08dfe52540025c377","True","True","True","True"
"14_心理主体修复与情绪劳动.md","b5e5a89e-ed07-5580-9414-b882995c136b","情绪的边界","情绪的边界","2025-02-24","2025-02-24","https://afdian.com/p/7feec654f2ab11efb20052540025c377","https://afdian.com/p/7feec654f2ab11efb20052540025c377","True","True","True","True"
"14_心理主体修复与情绪劳动.md","8fc84f4e-9e6d-518e-ade4-eded801247a8","击破心理防线","击破心理防线","2022-06-25","2022-06-25","https://www.zhihu.com/question/50433958/answer/2543630552","https://www.zhihu.com/question/50433958/answer/2543630552","True","True","True","True"
"14_心理主体修复与情绪劳动.md","024e5ea2-11c0-5644-9017-35f7f9db6f5d","孤独的孔明","孤独的孔明","2024-03-18","2024-03-18","https://www.zhihu.com/question/641588078/answer/2013524987974263397","https://www.zhihu.com/question/641588078/answer/2013524987974263397","True","True","True","True"
"14_心理主体修复与情绪劳动.md","1f13b966-40a6-58ae-876b-4467351b96d4","情绪稳定","情绪稳定","2023-10-09","2023-10-09","https://www.zhihu.com/question/607297046/answer/3242014062","https://www.zhihu.com/question/607297046/answer/3242014062","True","True","True","True"
"14_心理主体修复与情绪劳动.md","f3ef4904-dcb3-5d06-835a-f0177ff33fa4","多余的不开心","多余的不开心","2026-06-24","2026-06-24","https://www.zhihu.com/question/1985827652146313174/answer/2034427667462754704","https://www.zhihu.com/question/1985827652146313174/answer/2034427667462754704","True","True","True","True"
"14_心理主体修复与情绪劳动.md","870117c9-eba0-5790-bd48-12d86e67fc1c","痛苦问题","痛苦问题","2022-12-09","2022-12-09","https://www.zhihu.com/question/379797015/answer/2793932552","https://www.zhihu.com/question/379797015/answer/2793932552","True","True","True","True"
"14_心理主体修复与情绪劳动.md","96003b50-e514-5b9e-a1c7-56277ba2ba1b","开朗的抑郁","开朗的抑郁","2023-07-06","2023-07-06","https://www.zhihu.com/question/610557808/answer/3106293668","https://www.zhihu.com/question/610557808/answer/3106293668","True","True","True","True"
"14_心理主体修复与情绪劳动.md","83915304-ba39-54a5-8c4c-2c42ec5176f6","无要求抑郁","无要求抑郁","2024-12-06","2024-12-06","https://afdian.com/p/27a4326eb38011efaa2452540025c377","https://afdian.com/p/27a4326eb38011efaa2452540025c377","True","True","True","True"
"21_作者术语与行动语法.md","8bc2c71a-1303-5254-a513-fdb710fb8876","小小红花","小小红花","2026-07-15","2026-07-15","https://www.ifdian.net/p/8a2ac9c67a4311f1887f5254001e7c00","https://www.ifdian.net/p/8a2ac9c67a4311f1887f5254001e7c00","True","True","True","True"
"21_作者术语与行动语法.md","bc0b8aa6-c51e-5c02-8b44-64f7c256154f","录取线","录取线","2023-05-20","2023-05-20","https://www.zhihu.com/question/599385566/answer/3036675225","https://www.zhihu.com/question/599385566/answer/3036675225","True","True","True","True"
"21_作者术语与行动语法.md","87a46d99-4c5e-509d-8c58-adf6dc2ed5fc","爱以介意为耻","爱以介意为耻","2024-11-08","2024-11-08","https://www.zhihu.com/question/468721157/answer/25597165075","https://www.zhihu.com/question/468721157/answer/25597165075","True","True","True","True"
"21_作者术语与行动语法.md","9a72db20-919b-5a27-839d-2a80125dc09b","赛道","赛道","2025-12-10","2025-12-10","https://www.zhihu.com/question/1980626690943242269/answer/1982078262525048744","https://www.zhihu.com/question/1980626690943242269/answer/1982078262525048744","True","True","True","True"
"21_作者术语与行动语法.md","f6fe9e2d-ca06-5a84-82b6-b7fe1d331120","爱的核心","爱的核心","2024-12-16","2024-12-16","https://zhuanlan.zhihu.com/p/12881832004","https://zhuanlan.zhihu.com/p/12881832004","True","True","True","True"
"21_作者术语与行动语法.md","ca0b2dd4-e67a-5243-a150-98c3b33953c1","赤手空拳","赤手空拳","2026-07-08","2026-07-08","https://www.zhihu.com/question/2007650353663984734/answer/2057207322015949934","https://www.zhihu.com/question/2007650353663984734/answer/2057207322015949934","True","True","True","True"
"21_作者术语与行动语法.md","11ad7ad3-87eb-5681-93e2-de3e21cbd8a2","批评","批评","2020-08-26","2020-08-26","https://www.zhihu.com/question/22987136/answer/1434894604","https://www.zhihu.com/question/22987136/answer/1434894604","True","True","True","True"
"21_作者术语与行动语法.md","8db8f172-3520-5077-a078-2c9578ebaf39","一寸欢喜","一寸欢喜","2026-07-13","2026-07-13","https://www.zhihu.com/question/2039110884006604997/answer/2041179100837058049","https://www.zhihu.com/question/2039110884006604997/answer/2041179100837058049","True","True","True","True"
"21_作者术语与行动语法.md","2a88cc8a-0746-573a-9885-9fed9f447797","滴灌","滴灌","2024-09-20","2024-09-20","https://afdian.com/p/b48e7f62775e11efa55352540025c377","https://afdian.com/p/b48e7f62775e11efa55352540025c377","True","True","True","True"
"21_作者术语与行动语法.md","171a8ff5-4f98-5575-849e-46da57be1d50","伤绳","伤绳","2026-05-05","2026-05-05","https://www.zhihu.com/question/1946636394383515889/answer/2032393124841006935","https://www.zhihu.com/question/1946636394383515889/answer/2032393124841006935","True","True","True","True"
"21_作者术语与行动语法.md","2b618a90-aaf8-5502-84f8-f1cf3405f0bf","肘后千金","肘后千金","2023-08-16","2023-08-16","https://www.zhihu.com/question/617196411/answer/3168071284","https://www.zhihu.com/question/617196411/answer/3168071284","True","True","True","True"
"21_作者术语与行动语法.md","8be80072-b42a-569b-9b77-f4ca432b3fea","面子","面子","2024-03-19","2024-03-19","https://www.zhihu.com/question/648184251/answer/3435446030","https://www.zhihu.com/question/648184251/answer/3435446030","True","True","True","True"
"21_作者术语与行动语法.md","2133f3d8-4ccb-5c0f-9c09-1539ab21c794","财富观","财富观","2020-05-01","2020-05-01","https://www.zhihu.com/question/314627020/answer/1193533378","https://www.zhihu.com/question/314627020/answer/1193533378","True","True","True","True"
"21_作者术语与行动语法.md","05d3be97-1b30-5c13-8330-1c5bb3992838","两个钱包","两个钱包","2025-06-26","2025-06-26","https://afdian.com/p/b1a6164a4c7211f0bedc52540025c377","https://afdian.com/p/b1a6164a4c7211f0bedc52540025c377","True","True","True","True"
"21_作者术语与行动语法.md","2594339e-ab47-562d-bee7-c56fbb2ca325","乐此不疲","乐此不疲","2025-08-01","2025-08-01","https://afdian.com/p/6186cc9468c011f0b05752540025c377","https://afdian.com/p/6186cc9468c011f0b05752540025c377","True","True","True","True"
"22_核心命题谱系与论证类型.md","8bc2c71a-1303-5254-a513-fdb710fb8876","小小红花","小小红花","2026-07-15","2026-07-15","https://www.ifdian.net/p/8a2ac9c67a4311f1887f5254001e7c00","https://www.ifdian.net/p/8a2ac9c67a4311f1887f5254001e7c00","True","True","True","True"
"22_核心命题谱系与论证类型.md","b8f88d55-2aa2-5e96-9a9d-4c486b4f4f42","适度焦虑","适度焦虑","2023-10-20","2023-10-20","https://www.zhihu.com/question/522753742/answer/2029837103773626665","https://www.zhihu.com/question/522753742/answer/2029837103773626665","True","True","True","True"
"22_核心命题谱系与论证类型.md","bc0b8aa6-c51e-5c02-8b44-64f7c256154f","录取线","录取线","2023-05-20","2023-05-20","https://www.zhihu.com/question/599385566/answer/3036675225","https://www.zhihu.com/question/599385566/answer/3036675225","True","True","True","True"
"22_核心命题谱系与论证类型.md","bbe903b2-99ab-5425-a566-e7dfd1ae6c2d","自信","自信","2018-10-15","2018-10-15","https://www.zhihu.com/question/269905766/answer/510828072","https://www.zhihu.com/question/269905766/answer/510828072","True","True","True","True"
"22_核心命题谱系与论证类型.md","b5e5a89e-ed07-5580-9414-b882995c136b","情绪的边界","情绪的边界","2025-02-24","2025-02-24","https://afdian.com/p/7feec654f2ab11efb20052540025c377","https://afdian.com/p/7feec654f2ab11efb20052540025c377","True","True","True","True"
"22_核心命题谱系与论证类型.md","11ad7ad3-87eb-5681-93e2-de3e21cbd8a2","批评","批评","2020-08-26","2020-08-26","https://www.zhihu.com/question/22987136/answer/1434894604","https://www.zhihu.com/question/22987136/answer/1434894604","True","True","True","True"
"22_核心命题谱系与论证类型.md","03c701aa-9760-5272-9215-6de6a61ce6f9","尊者","尊者","2026-07-14","2026-07-14","https://www.ifdian.net/p/c367153e797411f1812d52540025c377","https://www.ifdian.net/p/c367153e797411f1812d52540025c377","True","True","True","True"
"22_核心命题谱系与论证类型.md","9af3f757-ffb6-5c9e-b461-afdf9ccea949","奠仪几何","奠仪几何","2026-07-17","2026-07-17","https://www.ifdian.net/p/85097b3e7bd011f1978652540025c377","https://www.ifdian.net/p/85097b3e7bd011f1978652540025c377","True","True","True","True"
"22_核心命题谱系与论证类型.md","15e6750c-c146-58ea-b925-3a495204a3ef","三分一又三分一","三分一又三分一","2026-07-08","2026-07-08","https://www.zhihu.com/question/458676234/answer/2057597134300614774","https://www.zhihu.com/question/458676234/answer/2057597134300614774","True","True","True","True"
"22_核心命题谱系与论证类型.md","171a8ff5-4f98-5575-849e-46da57be1d50","伤绳","伤绳","2026-05-05","2026-05-05","https://www.zhihu.com/question/1946636394383515889/answer/2032393124841006935","https://www.zhihu.com/question/1946636394383515889/answer/2032393124841006935","True","True","True","True"
"22_核心命题谱系与论证类型.md","8c4f866e-8ef9-547c-af60-ada5792bb1f3","最强耐力","最强耐力","2018-06-11","2018-06-11","https://www.zhihu.com/question/278113699/answer/415173883","https://www.zhihu.com/question/278113699/answer/415173883","True","True","True","True"
"22_核心命题谱系与论证类型.md","c0f1ba80-af0b-52ca-96f7-0ccc89da8928","征信体系","征信体系","2019-08-21","2019-08-21","https://www.zhihu.com/question/341338492/answer/796914277","https://www.zhihu.com/question/341338492/answer/796914277","True","True","True","True"
"22_核心命题谱系与论证类型.md","05d3be97-1b30-5c13-8330-1c5bb3992838","两个钱包","两个钱包","2025-06-26","2025-06-26","https://afdian.com/p/b1a6164a4c7211f0bedc52540025c377","https://afdian.com/p/b1a6164a4c7211f0bedc52540025c377","True","True","True","True"
"22_核心命题谱系与论证类型.md","afd418f9-36d1-5652-8f90-188680e6cfbf","胜半子","胜半子","2026-07-14","2026-07-14","https://www.zhihu.com/question/2042176040638707165/answer/2042645041164837579","https://www.zhihu.com/question/2042176040638707165/answer/2042645041164837579","True","True","True","True"
"22_核心命题谱系与论证类型.md","c9e76d20-ad76-500f-95eb-be07ade6e9f1","满分70","满分70","2026-07-08","2026-07-08","https://www.zhihu.com/question/1922715457334538271/answer/2057549134920520308","https://www.zhihu.com/question/1922715457334538271/answer/2057549134920520308","True","True","True","True"
"22_核心命题谱系与论证类型.md","2133f3d8-4ccb-5c0f-9c09-1539ab21c794","财富观","财富观","2020-05-01","2020-05-01","https://www.zhihu.com/question/314627020/answer/1193533378","https://www.zhihu.com/question/314627020/answer/1193533378","True","True","True","True"
"22_核心命题谱系与论证类型.md","2594339e-ab47-562d-bee7-c56fbb2ca325","乐此不疲","乐此不疲","2025-08-01","2025-08-01","https://afdian.com/p/6186cc9468c011f0b05752540025c377","https://afdian.com/p/6186cc9468c011f0b05752540025c377","True","True","True","True"
"22_核心命题谱系与论证类型.md","3d0daabb-8f65-5e52-b6b0-03280864f723","史不绝书","史不绝书","2026-07-14","2026-07-14","https://www.zhihu.com/question/9945672304/answer/2042201727336714267","https://www.zhihu.com/question/9945672304/answer/2042201727336714267","True","True","True","True"
"22_核心命题谱系与论证类型.md","6587f538-6d67-5561-99dd-2eaf61719621","眠种","眠种","2026-07-09","2026-07-09","https://www.zhihu.com/question/427364036/answer/2038687768700772586","https://www.zhihu.com/question/427364036/answer/2038687768700772586","True","True","True","True"
"23_平台控制后的概念迁移与历时配对.md","557cd798-03d7-57fd-a7a4-14f743e1ba13","凭爱分手","凭爱分手","2020-04-27","2020-04-27","https://www.zhihu.com/question/308996023/answer/1183361290","https://www.zhihu.com/question/308996023/answer/1183361290","True","True","True","True"
"23_平台控制后的概念迁移与历时配对.md","bc0b8aa6-c51e-5c02-8b44-64f7c256154f","录取线","录取线","2023-05-20","2023-05-20","https://www.zhihu.com/question/599385566/answer/3036675225","https://www.zhihu.com/question/599385566/answer/3036675225","True","True","True","True"
"23_平台控制后的概念迁移与历时配对.md","9a72db20-919b-5a27-839d-2a80125dc09b","赛道","赛道","2025-12-10","2025-12-10","https://www.zhihu.com/question/1980626690943242269/answer/1982078262525048744","https://www.zhihu.com/question/1980626690943242269/answer/1982078262525048744","True","True","True","True"
"23_平台控制后的概念迁移与历时配对.md","8bc2c71a-1303-5254-a513-fdb710fb8876","小小红花","小小红花","2026-07-15","2026-07-15","https://www.ifdian.net/p/8a2ac9c67a4311f1887f5254001e7c00","https://www.ifdian.net/p/8a2ac9c67a4311f1887f5254001e7c00","True","True","True","True"
"23_平台控制后的概念迁移与历时配对.md","f6fe9e2d-ca06-5a84-82b6-b7fe1d331120","爱的核心","爱的核心","2024-12-16","2024-12-16","https://zhuanlan.zhihu.com/p/12881832004","https://zhuanlan.zhihu.com/p/12881832004","True","True","True","True"
"23_平台控制后的概念迁移与历时配对.md","2133f3d8-4ccb-5c0f-9c09-1539ab21c794","财富观","财富观","2020-05-01","2020-05-01","https://www.zhihu.com/question/314627020/answer/1193533378","https://www.zhihu.com/question/314627020/answer/1193533378","True","True","True","True"
"23_平台控制后的概念迁移与历时配对.md","4e7ea5d1-018f-5e57-839c-f91e3065007d","自然法","自然法","2021-03-14","2021-03-14","https://www.zhihu.com/question/304501224/answer/1780036431","https://www.zhihu.com/question/304501224/answer/1780036431","True","True","True","True"
"23_平台控制后的概念迁移与历时配对.md","daa2da9d-9204-588a-88a3-a5d9006bf4d4","论批评 2","论批评 2","2025-02-09","2025-02-09","https://afdian.com/p/fd6093eae6d211efac665254001e7c00","https://afdian.com/p/fd6093eae6d211efac665254001e7c00","True","True","True","True"
"23_平台控制后的概念迁移与历时配对.md","f4ee69e7-9b6f-563b-a6b7-3abcef28fe36","商周奴隶制","商周奴隶制","2021-03-22","2021-03-22","https://www.zhihu.com/question/448019639/answer/1794292229","https://www.zhihu.com/question/448019639/answer/1794292229","True","True","True","True"
"23_平台控制后的概念迁移与历时配对.md","05d3be97-1b30-5c13-8330-1c5bb3992838","两个钱包","两个钱包","2025-06-26","2025-06-26","https://afdian.com/p/b1a6164a4c7211f0bedc52540025c377","https://afdian.com/p/b1a6164a4c7211f0bedc52540025c377","True","True","True","True"
"23_平台控制后的概念迁移与历时配对.md","2a88cc8a-0746-573a-9885-9fed9f447797","滴灌","滴灌","2024-09-20","2024-09-20","https://afdian.com/p/b48e7f62775e11efa55352540025c377","https://afdian.com/p/b48e7f62775e11efa55352540025c377","True","True","True","True"
"23_平台控制后的概念迁移与历时配对.md","2594339e-ab47-562d-bee7-c56fbb2ca325","乐此不疲","乐此不疲","2025-08-01","2025-08-01","https://afdian.com/p/6186cc9468c011f0b05752540025c377","https://afdian.com/p/6186cc9468c011f0b05752540025c377","True","True","True","True"
"23_平台控制后的概念迁移与历时配对.md","ca0b2dd4-e67a-5243-a150-98c3b33953c1","赤手空拳","赤手空拳","2026-07-08","2026-07-08","https://www.zhihu.com/question/2007650353663984734/answer/2057207322015949934","https://www.zhihu.com/question/2007650353663984734/answer/2057207322015949934","True","True","True","True"
"23_平台控制后的概念迁移与历时配对.md","94815489-f471-5075-ac07-f496082d34db","平权","平权","2018-10-13","2018-10-13","https://www.zhihu.com/question/298105587/answer/509627202","https://www.zhihu.com/question/298105587/answer/509627202","True","True","True","True"
"23_平台控制后的概念迁移与历时配对.md","8db8f172-3520-5077-a078-2c9578ebaf39","一寸欢喜","一寸欢喜","2026-07-13","2026-07-13","https://www.zhihu.com/question/2039110884006604997/answer/2041179100837058049","https://www.zhihu.com/question/2039110884006604997/answer/2041179100837058049","True","True","True","True"
"23_平台控制后的概念迁移与历时配对.md","15e6750c-c146-58ea-b925-3a495204a3ef","三分一又三分一","三分一又三分一","2026-07-08","2026-07-08","https://www.zhihu.com/question/458676234/answer/2057597134300614774","https://www.zhihu.com/question/458676234/answer/2057597134300614774","True","True","True","True"
