"batch","articleCount","candidateCount","exactReplaceCount","needsRewriteCount","deleteAsParaphraseCount","registeredExactFragmentCount","failureTotal","approvedFile","status"
"1","100","104","60","42","2","75","0","strict-quote-review-batch-001-100-approved-exact-replacements.csv","PASS"
"2","100","125","107","17","1","107","0","strict-quote-review-batch-002-100-approved-exact-replacements.csv","PASS"
"3","100","128","96","28","4","188","0","strict-quote-review-batch-003-100-approved-exact-replacements.csv","PASS"
"4","100","142","116","23","3","142","0","strict-quote-review-batch-004-100-approved-exact-replacements.csv","PASS"
"5","100","120","92","27","1","110","0","strict-quote-review-batch-005-100-approved-exact-replacements.csv","PASS"
"6","100","120","68","52","0","161","0","strict-quote-review-batch-006-100-approved-exact-replacements.csv","PASS"
"7","100","124","62","59","3","211","0","strict-quote-review-batch-007-100-approved-exact-replacements.csv","PASS"
"8","100","126","59","63","4","162","0","strict-quote-review-batch-008-100-approved-exact-replacements.csv","PASS"
"9","96","121","73","46","2","197","0","strict-quote-review-batch-009-096-approved-exact-replacements.csv","PASS"
