"conceptA","conceptB","conceptAArticleCount","conceptBArticleCount","coArticleCount","coArticleRate","jaccard","lift"
"成本与总账","责任与后果","2508","2571","1750","0.432099","0.525683","1.099166"
"成本与总账","能力与学习","2508","2595","1686","0.416296","0.493415","1.049174"
"能力与学习","责任与后果","2595","2571","1664","0.410864","0.475157","1.010111"
"选择与自由","责任与后果","2332","2571","1568","0.38716","0.470165","1.059182"
"成本与总账","选择与自由","2508","2332","1500","0.37037","0.449102","1.0387"
"能力与学习","选择与自由","2595","2332","1491","0.368148","0.433935","0.997853"
"定义与达意","责任与后果","1766","2571","1166","0.287901","0.367707","1.040066"
"定义与达意","能力与学习","1766","2595","1150","0.283951","0.358144","1.016307"
"能力与学习","心理与主体","2595","1640","1138","0.280988","0.367452","1.082969"
"心理与主体","责任与后果","1640","2571","1068","0.263704","0.339803","1.025842"
"成本与总账","定义与达意","2508","1766","1062","0.262222","0.330635","0.971094"
"定义与达意","选择与自由","1766","2332","1051","0.259506","0.344929","1.033567"
"成本与总账","心理与主体","2508","1640","1028","0.253827","0.329487","1.012224"
"心理与主体","选择与自由","1640","2332","960","0.237037","0.318725","1.016609"
"劳动与组织","能力与学习","1294","2595","946","0.23358","0.321441","1.140971"
"事实与证据","责任与后果","1463","2571","935","0.230864","0.30171","1.006747"
"能力与学习","事实与证据","2595","1463","934","0.230617","0.298976","0.996369"
"成本与总账","劳动与组织","2508","1294","926","0.228642","0.321975","1.155591"
"成本与总账","事实与证据","2508","1463","916","0.226173","0.299836","1.011064"
"法律与秩序","责任与后果","1271","2571","909","0.224444","0.309922","1.126604"
"劳动与组织","责任与后果","1294","2571","905","0.223457","0.305743","1.10171"
"边界与许可","责任与后果","1267","2571","900","0.222222","0.306331","1.118971"
"成本与总账","法律与秩序","2508","1271","883","0.218025","0.304903","1.12187"
"爱与回应","责任与后果","1299","2571","882","0.217778","0.295181","1.069578"
"事实与证据","选择与自由","1463","2332","847","0.209136","0.287313","1.005462"
"边界与许可","成本与总账","1267","2508","837","0.206667","0.284888","1.066784"
"成本与总账","权力与异议","2508","1210","831","0.205185","0.287842","1.10903"
"信用与信任","责任与后果","1131","2571","825","0.203704","0.286757","1.149064"
"爱与回应","能力与学习","1299","2595","818","0.201975","0.26593","0.982792"
"权力与异议","责任与后果","1210","2571","817","0.201728","0.275641","1.063628"
"法律与秩序","能力与学习","1271","2595","816","0.201481","0.267541","1.001987"
"边界与许可","选择与自由","1267","2332","815","0.201235","0.292744","1.11714"
"能力与学习","权力与异议","2595","1210","807","0.199259","0.269179","1.040892"
"成本与总账","信用与信任","2508","1131","801","0.197778","0.282241","1.143661"
"技术与工程","能力与学习","1108","2595","799","0.197284","0.275138","1.125446"
"爱与回应","选择与自由","1299","2332","798","0.197037","0.28168","1.066891"
"法律与秩序","选择与自由","1271","2332","791","0.195309","0.281294","1.08083"
"边界与许可","能力与学习","1267","2595","788","0.194568","0.256344","0.97066"
"财富与市场","成本与总账","1034","2508","777","0.191852","0.281013","1.213467"
"责任与后果","照料与家庭","2571","1054","777","0.191852","0.272823","1.16127"
"爱与回应","成本与总账","1299","2508","772","0.190617","0.254366","0.9597"
"能力与学习","信用与信任","2595","1131","768","0.18963","0.259635","1.059781"
"权力与异议","选择与自由","1210","2332","760","0.187654","0.273185","1.090824"
"能力与学习","文明与历史","2595","1081","746","0.184198","0.254608","1.077037"
"能力与学习","照料与家庭","2595","1054","745","0.183951","0.256543","1.103147"
"定义与达意","心理与主体","1766","1640","744","0.183704","0.279489","1.040383"
"劳动与组织","选择与自由","1294","2332","739","0.182469","0.255975","0.991829"
"成本与总账","技术与工程","2508","1108","732","0.180741","0.253814","1.066839"
"财富与市场","能力与学习","1034","2595","715","0.176543","0.245367","1.079203"
"成本与总账","照料与家庭","2508","1054","694","0.171358","0.24198","1.063277"
"技术与工程","责任与后果","1108","2571","687","0.16963","0.229612","0.97672"
"信用与信任","选择与自由","1131","2332","680","0.167901","0.244341","1.044174"
"成本与总账","文明与历史","2508","1081","677","0.16716","0.232486","1.011324"
"定义与达意","事实与证据","1766","1463","661","0.16321","0.257399","1.036147"
"财富与市场","责任与后果","1034","2571","651","0.160741","0.220379","0.991776"
"边界与许可","定义与达意","1267","1766","643","0.158765","0.269038","1.163854"
"财富与市场","选择与自由","1034","2332","642","0.158519","0.235683","1.078303"
"选择与自由","照料与家庭","2332","1054","642","0.158519","0.233965","1.057842"
"爱与回应","心理与主体","1299","1640","639","0.157778","0.277826","1.214795"
"文明与历史","责任与后果","1081","2571","634","0.156543","0.210073","0.923882"
"爱与回应","定义与达意","1299","1766","626","0.154568","0.256663","1.105171"
"技术与工程","选择与自由","1108","2332","605","0.149383","0.213404","0.948292"
"文明与历史","选择与自由","1081","2332","605","0.149383","0.215456","0.971977"
"事实与证据","心理与主体","1463","1640","596","0.14716","0.237734","1.006035"
"定义与达意","法律与秩序","1766","1271","587","0.144938","0.239592","1.059149"
"定义与达意","权力与异议","1766","1210","567","0.14","0.235367","1.074638"
"定义与达意","劳动与组织","1766","1294","540","0.133333","0.214286","0.957026"
"边界与许可","心理与主体","1267","1640","523","0.129136","0.219379","1.01938"
"法律与秩序","权力与异议","1271","1210","522","0.128889","0.266462","1.374658"
"劳动与组织","心理与主体","1294","1640","522","0.128889","0.216418","0.996202"
"心理与主体","照料与家庭","1640","1054","519","0.128148","0.238621","1.216012"
"权力与异议","心理与主体","1210","1640","517","0.127654","0.221603","1.055155"
"法律与秩序","事实与证据","1271","1463","516","0.127407","0.232642","1.123867"
"心理与主体","信用与信任","1640","1131","504","0.124444","0.22232","1.100472"
"爱与回应","边界与许可","1299","1267","503","0.124198","0.24382","1.237762"
"定义与达意","信用与信任","1766","1131","497","0.122716","0.207083","1.007762"
"权力与异议","事实与证据","1210","1463","488","0.120494","0.223341","1.116465"
"边界与许可","法律与秩序","1267","1271","484","0.119506","0.235638","1.217246"
"边界与许可","事实与证据","1267","1463","483","0.119259","0.214953","1.055313"
"定义与达意","文明与历史","1766","1081","475","0.117284","0.200253","1.007702"
"定义与达意","照料与家庭","1766","1054","474","0.117037","0.202046","1.03134"
"爱与回应","照料与家庭","1299","1054","459","0.113333","0.242344","1.357744"
"定义与达意","技术与工程","1766","1108","459","0.113333","0.190062","0.95003"
"边界与许可","权力与异议","1267","1210","458","0.113086","0.226845","1.209925"
"法律与秩序","劳动与组织","1271","1294","456","0.112593","0.216216","1.122897"
"法律与秩序","文明与历史","1271","1081","456","0.112593","0.240506","1.344153"
"法律与秩序","心理与主体","1271","1640","453","0.111852","0.184296","0.880164"
"事实与证据","文明与历史","1463","1081","448","0.110617","0.21374","1.147263"
"劳动与组织","事实与证据","1294","1463","447","0.11037","0.193506","0.956278"
"爱与回应","事实与证据","1299","1463","443","0.109383","0.191031","0.944072"
"事实与证据","信用与信任","1463","1131","436","0.107654","0.202039","1.067172"
"财富与市场","定义与达意","1034","1766","430","0.106173","0.181435","0.953701"
"爱与回应","信用与信任","1299","1131","429","0.105926","0.214393","1.182607"
"财富与市场","劳动与组织","1034","1294","425","0.104938","0.223332","1.286439"
"边界与许可","信用与信任","1267","1131","417","0.102963","0.2105","1.17856"
"技术与工程","文明与历史","1108","1081","417","0.102963","0.235327","1.410021"
"技术与工程","事实与证据","1108","1463","416","0.102716","0.193039","1.039356"
"技术与工程","劳动与组织","1108","1294","411","0.101481","0.206429","1.160975"
"劳动与组织","权力与异议","1294","1210","411","0.101481","0.196369","1.063108"
"爱与回应","权力与异议","1299","1210","407","0.100494","0.193625","1.048709"
"边界与许可","劳动与组织","1267","1294","404","0.099753","0.187297","0.997988"
"劳动与组织","信用与信任","1294","1131","404","0.099753","0.199901","1.117994"
"技术与工程","心理与主体","1108","1640","391","0.096543","0.165889","0.871461"
"法律与秩序","技术与工程","1271","1108","389","0.096049","0.195477","1.118715"
"文明与历史","心理与主体","1081","1640","389","0.096049","0.16681","0.888659"
"财富与市场","法律与秩序","1034","1271","388","0.095802","0.2024","1.195696"
"爱与回应","法律与秩序","1299","1271","385","0.095062","0.176201","0.944411"
"边界与许可","照料与家庭","1267","1054","383","0.094568","0.197626","1.161546"
"劳动与组织","文明与历史","1294","1081","381","0.094074","0.191073","1.103113"
"财富与市场","心理与主体","1034","1640","376","0.09284","0.163621","0.898004"
"劳动与组织","照料与家庭","1294","1054","370","0.091358","0.187058","1.098707"
"法律与秩序","照料与家庭","1271","1054","361","0.089136","0.183809","1.09138"
"权力与异议","照料与家庭","1210","1054","360","0.088889","0.189076","1.143225"
"事实与证据","照料与家庭","1463","1054","360","0.088889","0.166898","0.945524"
"财富与市场","技术与工程","1034","1108","356","0.087901","0.199328","1.258475"
"权力与异议","信用与信任","1210","1131","356","0.087901","0.179345","1.053555"
"爱与回应","劳动与组织","1299","1294","354","0.087407","0.158106","0.852933"
"技术与工程","权力与异议","1108","1210","352","0.086914","0.179044","1.063341"
"能力与学习","性别与身体","2595","511","350","0.08642","0.126996","1.068968"
"法律与秩序","信用与信任","1271","1131","345","0.085185","0.16772","0.971999"
"信用与信任","照料与家庭","1131","1054","345","0.085185","0.1875","1.172117"
"财富与市场","文明与历史","1034","1081","339","0.083704","0.190878","1.228311"
"权力与异议","文明与历史","1210","1081","338","0.083457","0.173067","1.046552"
"财富与市场","权力与异议","1034","1210","330","0.081481","0.172414","1.068226"
"财富与市场","事实与证据","1034","1463","329","0.081235","0.151753","0.880818"
"财富与市场","信用与信任","1034","1131","326","0.080494","0.17727","1.128988"
"爱与回应","财富与市场","1299","1034","312","0.077037","0.154379","0.940762"
"性别与身体","责任与后果","511","2571","311","0.07679","0.112234","0.958721"
"性别与身体","选择与自由","511","2332","310","0.076543","0.122385","1.053579"
"成本与总账","性别与身体","2508","511","304","0.075062","0.111971","0.960683"
"技术与工程","信用与信任","1108","1131","298","0.07358","0.153529","0.963095"
"边界与许可","技术与工程","1267","1108","294","0.072593","0.141278","0.848176"
"边界与许可","文明与历史","1267","1081","286","0.070617","0.1387","0.845705"
"爱与回应","文明与历史","1299","1081","283","0.069877","0.134955","0.816219"
"边界与许可","财富与市场","1267","1034","279","0.068889","0.137982","0.862506"
"财富与市场","照料与家庭","1034","1054","275","0.067901","0.151682","1.021943"
"净输出与不掠夺","责任与后果","339","2571","266","0.065679","0.100605","1.236047"
"爱与回应","技术与工程","1299","1108","263","0.064938","0.122668","0.740051"
"文明与历史","照料与家庭","1081","1054","258","0.063704","0.137453","0.917083"
"心理与主体","性别与身体","1640","511","254","0.062716","0.133896","1.227507"
"能力与学习","生态与自然","2595","350","251","0.061975","0.09317","1.11924"
"技术与工程","照料与家庭","1108","1054","250","0.061728","0.130753","0.866991"
"成本与总账","净输出与不掠夺","2508","339","248","0.061235","0.095421","1.181352"
"成本与总账","生态与自然","2508","350","243","0.06","0.092925","1.121155"
"文明与历史","信用与信任","1081","1131","239","0.059012","0.121135","0.791707"
"净输出与不掠夺","选择与自由","339","2332","237","0.058519","0.097371","1.214158"
"定义与达意","性别与身体","1766","511","213","0.052593","0.103198","0.955923"
"责任与后果","宗教与自然法","2571","318","211","0.052099","0.07879","1.045221"
"净输出与不掠夺","能力与学习","339","2595","204","0.05037","0.074725","0.939178"
"能力与学习","宗教与自然法","2595","318","200","0.049383","0.073719","0.981568"
"选择与自由","宗教与自然法","2332","318","200","0.049383","0.081633","1.092268"
"生态与自然","责任与后果","350","2571","194","0.047901","0.07114","0.873146"
"生态与自然","选择与自由","350","2332","187","0.046173","0.07495","0.927898"
"成本与总账","宗教与自然法","2508","318","185","0.045679","0.070049","0.939447"
"爱与回应","性别与身体","1299","511","176","0.043457","0.107711","1.073835"
"事实与证据","性别与身体","1463","511","175","0.04321","0.097276","0.948043"
"权力与异议","性别与身体","1210","511","171","0.042222","0.110323","1.120069"
"定义与达意","净输出与不掠夺","1766","339","169","0.041728","0.087293","1.143277"
"法律与秩序","性别与身体","1271","511","166","0.040988","0.102723","1.035134"
"劳动与组织","性别与身体","1294","511","166","0.040988","0.101281","1.016735"
"性别与身体","照料与家庭","511","1054","165","0.040741","0.117857","1.24073"
"民族与身份","能力与学习","221","2595","162","0.04","0.06104","1.144038"
"技术与工程","生态与自然","1108","350","160","0.039506","0.123267","1.670964"
"边界与许可","性别与身体","1267","511","159","0.039259","0.098209","0.994614"
"爱与回应","净输出与不掠夺","1299","339","158","0.039012","0.106757","1.453126"
"净输出与不掠夺","心理与主体","339","1640","154","0.038025","0.084384","1.121843"
"定义与达意","宗教与自然法","1766","318","150","0.037037","0.077559","1.081754"
"边界与许可","净输出与不掠夺","1267","339","149","0.03679","0.102265","1.404963"
"技术与工程","性别与身体","1108","511","147","0.036296","0.099864","1.051506"
"文明与历史","性别与身体","1081","511","144","0.035556","0.099448","1.055774"
"民族与身份","文明与历史","221","1081","143","0.035309","0.123382","2.424226"
"心理与主体","宗教与自然法","1640","318","143","0.035309","0.078788","1.110504"
"成本与总账","民族与身份","2508","221","141","0.034815","0.054482","1.030278"
"民族与身份","责任与后果","221","2571","137","0.033827","0.051601","0.97652"
"净输出与不掠夺","信用与信任","339","1131","136","0.03358","0.101949","1.436586"
"生态与自然","文明与历史","350","1081","136","0.03358","0.105019","1.455795"
"民族与身份","选择与自由","221","2332","133","0.03284","0.054959","1.045167"
"法律与秩序","民族与身份","1271","221","131","0.032346","0.096253","1.888811"
"法律与秩序","净输出与不掠夺","1271","339","130","0.032099","0.087838","1.221949"
"信用与信任","性别与身体","1131","511","129","0.031852","0.085261","0.903985"
"财富与市场","性别与身体","1034","511","128","0.031605","0.090332","0.981123"
"文明与历史","宗教与自然法","1081","318","126","0.031111","0.098979","1.484475"
"事实与证据","宗教与自然法","1463","318","125","0.030864","0.075483","1.088162"
"净输出与不掠夺","劳动与组织","339","1294","124","0.030617","0.082174","1.144835"
"劳动与组织","生态与自然","1294","350","124","0.030617","0.081579","1.108854"
"定义与达意","生态与自然","1766","350","123","0.03037","0.061716","0.805938"
"法律与秩序","宗教与自然法","1271","318","121","0.029877","0.082425","1.212461"
"财富与市场","生态与自然","1034","350","117","0.028889","0.092344","1.30934"
"法律与秩序","生态与自然","1271","350","117","0.028889","0.077793","1.065191"
"净输出与不掠夺","权力与异议","339","1210","117","0.028889","0.081704","1.155196"
"边界与许可","宗教与自然法","1267","318","115","0.028395","0.078231","1.155977"
"净输出与不掠夺","事实与证据","339","1463","115","0.028395","0.068168","0.939094"
"权力与异议","宗教与自然法","1210","318","114","0.028148","0.080622","1.199906"
"财富与市场","净输出与不掠夺","1034","339","113","0.027901","0.089683","1.305609"
"权力与异议","生态与自然","1210","350","111","0.027407","0.076605","1.061511"
"净输出与不掠夺","照料与家庭","339","1054","108","0.026667","0.084047","1.224161"
"生态与自然","事实与证据","350","1463","104","0.025679","0.060854","0.822576"
"爱与回应","宗教与自然法","1299","318","103","0.025432","0.068032","1.009848"
"生态与自然","心理与主体","350","1640","103","0.025432","0.054584","0.726742"
"劳动与组织","宗教与自然法","1294","318","102","0.025185","0.06755","1.003908"
"定义与达意","民族与身份","1766","221","100","0.024691","0.052994","1.037701"
"能力与学习","人工智能与机器","2595","118","99","0.024444","0.037873","1.309396"
"照料与家庭","宗教与自然法","1054","318","94","0.02321","0.073552","1.135835"
"民族与身份","事实与证据","221","1463","91","0.022469","0.057125","1.139882"
"技术与工程","人工智能与机器","1108","118","90","0.022222","0.079225","2.787891"
"民族与身份","心理与主体","221","1640","87","0.021481","0.049042","0.972161"
"劳动与组织","民族与身份","1294","221","86","0.021235","0.060182","1.217943"
"生态与自然","照料与家庭","350","1054","86","0.021235","0.06525","0.944158"
"边界与许可","生态与自然","1267","350","84","0.020741","0.054795","0.767167"
"财富与市场","宗教与自然法","1034","318","84","0.020741","0.066246","1.034634"
"技术与工程","民族与身份","1108","221","79","0.019506","0.0632","1.306622"
"信用与信任","宗教与自然法","1131","318","79","0.019506","0.057664","0.889595"
"技术与工程","宗教与自然法","1108","318","77","0.019012","0.057079","0.885073"
"成本与总账","人工智能与机器","2508","118","76","0.018765","0.029804","1.040062"
"技术与工程","净输出与不掠夺","1108","339","76","0.018765","0.055434","0.819463"
"爱与回应","生态与自然","1299","350","74","0.018272","0.046984","0.659188"
"生态与自然","信用与信任","350","1131","72","0.017778","0.0511","0.736643"
"财富与市场","民族与身份","1034","221","69","0.017037","0.058179","1.222901"
"民族与身份","权力与异议","221","1210","69","0.017037","0.050661","1.045024"
"人工智能与机器","责任与后果","118","2571","63","0.015556","0.023991","0.84103"
"爱与回应","民族与身份","1299","221","61","0.015062","0.041809","0.860565"
"人工智能与机器","选择与自由","118","2332","60","0.014815","0.025105","0.883071"
"净输出与不掠夺","文明与历史","339","1081","58","0.014321","0.042584","0.640999"
"劳动与组织","人工智能与机器","1294","118","58","0.014321","0.042836","1.538391"
"生态与自然","性别与身体","350","511","54","0.013333","0.066914","1.222812"
"边界与许可","民族与身份","1267","221","53","0.013086","0.036934","0.766588"
"性别与身体","宗教与自然法","511","318","49","0.012099","0.062821","1.221246"
"民族与身份","照料与家庭","221","1054","48","0.011852","0.03912","0.834571"
"定义与达意","人工智能与机器","1766","118","47","0.011605","0.025585","0.91344"
"人工智能与机器","文明与历史","118","1081","46","0.011358","0.039896","1.460512"
"人工智能与机器","心理与主体","118","1640","44","0.010864","0.025671","0.920835"
"民族与身份","信用与信任","221","1131","38","0.009383","0.028919","0.615721"
"权力与异议","人工智能与机器","1210","118","37","0.009136","0.02866","1.049517"
"生态与自然","宗教与自然法","350","318","37","0.009136","0.058637","1.346361"
"法律与秩序","人工智能与机器","1271","118","35","0.008642","0.025849","0.945139"
"财富与市场","人工智能与机器","1034","118","34","0.008395","0.030411","1.128578"
"人工智能与机器","事实与证据","118","1463","34","0.008395","0.021978","0.797641"
"净输出与不掠夺","性别与身体","339","511","33","0.008148","0.040392","0.771522"
"人工智能与机器","信用与信任","118","1131","32","0.007901","0.026294","0.971092"
"净输出与不掠夺","宗教与自然法","339","318","31","0.007654","0.049521","1.164635"
"民族与身份","生态与自然","221","350","28","0.006914","0.051565","1.466063"
"民族与身份","宗教与自然法","221","318","28","0.006914","0.054795","1.613592"
"边界与许可","人工智能与机器","1267","118","27","0.006667","0.019882","0.731409"
"爱与回应","人工智能与机器","1299","118","26","0.00642","0.018692","0.686969"
"民族与身份","性别与身体","221","511","26","0.00642","0.036827","0.932428"
"人工智能与机器","生态与自然","118","350","26","0.00642","0.058824","2.549637"
"人工智能与机器","性别与身体","118","511","25","0.006173","0.041391","1.67916"
"净输出与不掠夺","生态与自然","339","350","19","0.004691","0.028358","0.648546"
"人工智能与机器","照料与家庭","118","1054","18","0.004444","0.015598","0.586145"
"净输出与不掠夺","民族与身份","339","221","16","0.003951","0.029412","0.864934"
"人工智能与机器","宗教与自然法","118","318","11","0.002716","0.025882","1.18724"
"民族与身份","人工智能与机器","221","118","9","0.002222","0.027273","1.39773"
"净输出与不掠夺","人工智能与机器","339","118","8","0.001975","0.017817","0.80996"
