"evidenceId","section","claim","evidenceNature","boundary","ordinal","id","date","title","url","quote","quoteExact","sourceLayer"
"E01","财富定义与资源可及性","本文认为，正确的财富观首先以“可持续性”筛选理念，再把财富理解为经由有效劳动和运气、最终由上天赐予的资源；人拥有的不是绝对所有权，而是带有神圣目的的管理权。财富越多，责任越大，个人应以节俭维持健康、供养子女，把剩余投入有正外部性的、有效且不患得失的事业，并以匿名、无回报要求的方式持续捐赠；即使财富最终不足以延续生命，也不能把它全部消耗在自我保全上。","作者在该文中的明示判断及论证","仅作为该篇文本中的判断、条件和推理使用；跨文关系另行标记为研究重建。","3801","2133f3d8-4ccb-5c0f-9c09-1539ab21c794","2020-05-01","财富观","https://www.zhihu.com/question/314627020/answer/1193533378","一个理念获得追随者的能力大于追随者损失的速率，这项理念就具有了可持续性","True","screened"
"E02","财富定义与资源可及性","本文认为，穷人的基本优势是贫困经历可能带来的强烈工作动力，但这个优势只有在其他条件不被劣势抵消时才有效。真正妨碍翻身的三个障碍是知识与技能不足、急功近利以及对既得利益和现状的愤世嫉俗；行动者要用学习、耐心和自我控制来避免这些信号被雇主放大。文章进一步主张，财富不只是私产，公共服务和人类共同知识也属于每个人的共同财富；贫穷的深层原因因此还在于有没有认识和利用这些财富的观念、知识与技巧。","作者在该文中的明示判断及论证","仅作为该篇文本中的判断、条件和推理使用；跨文关系另行标记为研究重建。","3476","ecfc1be7-86b5-57d6-806d-7a8fcc374949","2021-02-23","摆脱贫穷","https://www.zhihu.com/question/444003245/answer/1744384489","穷人翻身”的关键就是找到这些妨碍自己的根本优势发挥出来的“不一样”的地方","True","screened"
"E03","财富定义与资源可及性","本文认为，贫穷归根到底源于穷人在灾难期间承受剥夺的能力最弱。灾年中，掌握基本刚需供应的人可能因物价上涨而获得更强盈利能力，而穷人和中产则因储备耗尽、失业和秩序崩坏，被迫低价出售资产，甚至以债务、劳动和政治权利换取生存。文章随后回顾三种历史应对方式，并提出现代社会应把关系国计民生的基础事业和基本生产资料掌握在全民所有的制度安排中。","作者在该文中的明示判断及论证","仅作为该篇文本中的判断、条件和推理使用；跨文关系另行标记为研究重建。","68","55e2ccc2-9f7c-51c1-89b4-c90ea1c68761","2026-06-29","贫穷的尽头","https://www.zhihu.com/question/1996867921008423944/answer/2035819989924565153","归根到底，只有一个原因——穷人在灾年特别脆弱，以至于在灾难期间只能被动的忍受剥夺","True","screened"
"E04","财富定义与资源可及性","普通人的财富不只是房产和存款，也包括分享现代国家公共财富和服务的资格。文章认为，公共资源虽然没有直接进入个人账户，却通过交通、医疗、教育、安全、国防和统一市场等体系持续降低生活成本；若把收入全部私有化而拆散公共供给，私人余额会增加，但必要服务将被少数家族控制并高价收取，整体生活反而更差。","作者在该文中的明示判断及论证","仅作为该篇文本中的判断、条件和推理使用；跨文关系另行标记为研究重建。","1344","237002b1-d9ee-59a8-9c0d-196f964ff961","2024-09-03","所谓国富民穷","https://www.zhihu.com/question/525777261/answer/3613984761","还是那句话——认为“老百姓的财富主要是房产”是一个非常狭隘的、非常错误的结论。","True","screened"
"E05","财富定义与资源可及性","作者认为，贫困的核心缺口是赚钱经验和驾驭财富的经验。前者决定能否突破收入限制，后者决定第一桶金能否保住并转化为持续能力。贫困家庭子女因此常需在缺乏父母有效指导的情况下，痛苦地修正家庭财富观，同时警惕纵欲、过度自信和被金钱扭曲的亲友关系等“金毒”。","作者在该文中的明示判断及论证","仅作为该篇文本中的判断、条件和推理使用；跨文关系另行标记为研究重建。","1492","a7a6a790-b237-59c7-8e84-781d8bcb8715","2024-07-04","金毒","https://www.zhihu.com/question/624647932/answer/3551416454","一个纵欲过度、一个过度自信、一个六亲不谐（即金钱招来的各种扭曲的亲情、恋情、友情关系），这仨都是地狱生鲜行业的巨头。","True","screened"
"E06","财富定义与资源可及性","本文认为，家庭教育的核心不是给孩子贴上贫穷或富裕的身份，而是先建立能够承受贫富变化的价值观。孩子既要能过没钱的生活，也要能过有钱的生活；节俭、体面和人的价值不能被家庭资产单向决定。家长若没有自己的财富观，就不应把“我们家穷”或“我们家不穷”当作教育，应该先理解财富、财富的获得与副作用，再按与自身信仰和逻辑一致的方式传授给孩子。","作者在该文中的明示判断及论证","仅作为该篇文本中的判断、条件和推理使用；跨文关系另行标记为研究重建。","3990","c6d37a0c-4ca1-55e6-bbe6-23a0c078ddc8","2018-12-13","家里不富裕","https://www.zhihu.com/question/296333267/answer/551002721","问题本身就是错的，因此任何答案都无意义","True","screened"
"E07","贫富教育与家族传承","本文认为，大平层和别墅都可能是错误道路；对家族而言，更稳妥的安排是居住上“安于一般中产”，把重金投入“学”、文明遗址和博物馆之旅、后代与核心伙伴的培养，以及持续的慈善支出。被抬高的享受水平会成为代代难以降低的负资产，贪婪又可能诱发愚蠢、疯狂和败亡；慈善则不仅是道德义务，也是保护财富、培养盟友和分散家族风险的现实机制。文章后来用别墅价格换算留学、旅行和利息收益，继续证明“舒服一点”的机会成本过高。","作者在该文中的明示判断及论证","仅作为该篇文本中的判断、条件和推理使用；跨文关系另行标记为研究重建。","3918","16c53ed9-9140-52ee-b289-d5a0c8eb6ffc","2019-06-19","家族","https://www.zhihu.com/question/311787622/answer/721084936","大隐隐于市，莫隐于野","True","screened"
"E08","贫富教育与家族传承","本文认为，仇富和仇穷不是两种可以简单排序的恶，而是同一种“按财富量决定人格价值”的心理在不同财富位置上的不同形态。仇富者真正恨的可能不是财富，而是自己没有财富；他们把所有正当致富道路都否认掉，只承认偷抢拐骗、吸穷人血等路径，于是富裕既是羡慕对象，也是未来需要防范的仇恨来源。只要一个人承认存在一种堂堂正正的致富可能，就无法仅因对方富裕而断定其必然败坏，也无法绝对相信穷人必然仇恨自己。文章进一步认为，真正的无产阶级反对的不是财富，而是把财富视为与他人毫无关系的绝对私产；贫穷本身并不是社会主义。","作者在该文中的明示判断及论证","仅作为该篇文本中的判断、条件和推理使用；跨文关系另行标记为研究重建。","3315","0951b372-fd84-5510-af40-470c06d5832d","2021-05-17","仇穷与仇富","https://www.zhihu.com/question/459890228/answer/1891365245","实际上，仇富、仇穷的是同一种人——就是仅仅基于财富量来决定要不要仇恨的人","True","screened"
"E09","贫富教育与家族传承","本文认为，贫穷、匮乏、受辱和无力确实造成巨大痛苦，但亲身经历这些处境也可能带来对多数人的感同身受、对社会反应的更准确判断、较强的方向感和坚毅，这些价值并非金钱和人脉可以轻易替代。贫穷本身不是不能生育的绝对禁忌；真正危险的是把贫穷者的易感性转化为贪婪、欺诈和怨恨，尤其是父母若坚信自己将终身受苦，或被“不甘心”驱动而把生育视作翻身赌注，可能把失败归罪于子女。","作者在该文中的明示判断及论证","仅作为该篇文本中的判断、条件和推理使用；跨文关系另行标记为研究重建。","3074","c2eca8a1-ce60-5fcd-991b-f75ab62565dd","2021-09-12","生而贫穷","https://www.zhihu.com/question/393805388/answer/2116638887","你看得懂、能明白，不意味着你可以以此为依据去教训真的身处这个问题中的人们","True","screened"
"E10","贫富教育与家族传承","本文把努力从“换取成功的手段”中剥离出来，主张无论富贵贫穷、健全残疾、顺境逆境，人都应坚持努力，因为努力本身是人度过并享受人生的方式。作者用“吃饭”作比：如果“吃五碗饭换一百块”的承诺是假的，需要调整的是不合理的五碗饭交换条件，而不是因此停止吃饭；同理，努力的数量、方向和具体目标可以调整，却不能因外部许诺落空而把努力整体判定为损失。文章最后进一步把努力写成享受的前提，认为学习、工作和兴趣活动都需要训练，放弃任何投入并不会自动带来幸福，反而会使人失去生活方向和参与更高水平娱乐的能力。","作者在该文中的明示判断及论证","仅作为该篇文本中的判断、条件和推理使用；跨文关系另行标记为研究重建。","3616","0a47c7bf-950d-5219-84b3-cdccbb62c910","2020-10-05","精神资本家","https://www.zhihu.com/question/417907087/answer/1508359096","假设你反驳成功了，你想拿什么代替“努力”？","True","screened"
"E11","贫富教育与家族传承","本文反对把奢侈品消费本身视为罪恶，认为国内征收相关税费的关键问题在于奢侈品多为进口，而不是奢侈品在道德上有罪。如果奢侈品由国内实业生产，富人的自愿购买可以用很低的边际成本把大量闲置财富转移给技艺、设计和制造积累深厚的机构，并为下一代技术和高端产业提供资金。对个人而言，奢侈品不应成为炫耀实力的工具，而应被理解为选择一个配得上财富的对象、奖励极致技艺的特殊捐赠；在没有实用理由或自身建树之前，作者要求避免购买。","作者在该文中的明示判断及论证","仅作为该篇文本中的判断、条件和推理使用；跨文关系另行标记为研究重建。","3550","250b12b2-5530-527c-870c-a33dc4782e36","2020-12-20","奢侈品","https://www.zhihu.com/question/22696422/answer/1635740528","在这之前，你的任何购买行为没有充分的实用理由都是应该避免的","True","screened"
"E12","贫富教育与家族传承","本文把“面子”定义为影响力的凭信，把熟人之间通过礼貌、互动和相互担保形成的信用称为“面子币”。作者认为，乡村往往实物货币稀缺、地方资源丰富，面子币可以降低陌生交易的风险和成本，承担一种隐性的、带会员制的农村金融功能，因此不能因为它不依赖复杂金融机构就称其“原始落后”。文章又把这一判断延伸为对自然经济和现代金融稳定性的比较，但最后承认现代金融能否跳出周期性崩溃仍是未知数。","作者在该文中的明示判断及论证","仅作为该篇文本中的判断、条件和推理使用；跨文关系另行标记为研究重建。","936","dac0b7bb-3765-5cd2-bcbd-0271ceb6c58c","2025-02-25","面子币","https://www.zhihu.com/question/637312596/answer/109569947835","面子就是影响力的凭信，是可以证明影响力有效的一系列迹象。","True","screened"
"E13","劳动、职业与事业","本文认为，设计师之所以可以做到老，不在于某个具体软件、行业或岗位会永远存在，而在于设计是发现问题、解决问题和表达方案的元职业，能够调用语言、观察、归纳、演绎和表达等跨阶段能力。合理职业选择的前提是价值观能够支撑人接受死亡及死亡风险；在此基础上，应选择服务于“免于死亡”或“得到幸福”等无法被完全满足的健壮需求，把岗位阶段当作进入职业的学徒状态，持续投资元知识和元技能。","作者在该文中的明示判断及论证","仅作为该篇文本中的判断、条件和推理使用；跨文关系另行标记为研究重建。","3874","be6d869d-9c60-5b87-85ff-30c3772ce48f","2019-11-18","职业规划","https://www.zhihu.com/question/25583089/answer/899020828","如果你没有一个恰当的价值观，对你将不存在任何合理的职业选择","True","screened"
"E14","劳动、职业与事业","本文认为，事业不是单纯的收入来源，而是个人本质和定义的一部分，因此应在与人建立稳定关系前先确定。这里的“确定”不等于事业已经成功，而是已经清楚知道做什么、为什么做、会付出什么代价、需要怎样努力，并能以成熟、坦率、谦卑和开放的态度向伴侣及其父母说明。事业未定却寻求成家，是让对方把生命建在流沙上，利用对方的青春和浪漫去承担自己尚未作出的决定；伴侣父母要求房子、稳定和现实证明，往往是对“事业未定”的风险作出的最低限度妥协，而不是简单拜金。若只是普通公司雇员而非终身事业关系，作者认为至少没有同样的事业顾忌。","作者在该文中的明示判断及论证","仅作为该篇文本中的判断、条件和推理使用；跨文关系另行标记为研究重建。","3294","def74b5e-ae38-5613-bbde-352fae8b0241","2021-05-28","事业已定","https://www.zhihu.com/question/60702908/answer/1910070046","事业是一个人自身的本质的一部分，是你的定义的核心内容，是你先应该确定，然后再去与人建立稳定关系的前提","True","screened"
"E15","劳动、职业与事业","作者将“适合自己的事业”定义为：自己与伙伴能够赚钱、持续赚钱并越来越赚钱的事业。这里的赚钱不是消费后的生活富裕，而是投入成本后创造出高于成本的价值；事业要能通过熟练化和规模化提高利润，并且不能以伤害他人为基础，否则规模扩大后会遭遇反噬。作者进一步为“崇高理想”设定结果标准：总体福利应增加，而非努力之后让参与者更穷、寿命更短或存活率更低。","作者在该文中的明示判断及论证","仅作为该篇文本中的判断、条件和推理使用；跨文关系另行标记为研究重建。","1543","d95e078a-f0f3-5aef-8be2-f3dbb6150c1c","2024-06-10","最佳事业","https://afdian.com/p/f5a66a52269e11ef93f25254001e7c00","这个标准其实很“土”——就是可以持续取得最大收入增长的事业。","True","screened"
"E16","劳动、职业与事业","本文认为，工作在社会属性、稀缺性和可替代性上确实存在高下，强行说所有工作完全一样，只是在回避事实；但工作属性低下不等于从事者成为低贱的人，真正影响社会地位的还包括工作态度和对他人的安全感。一个岗位即使容易替代，态度认真、稳定、尊重他人，也可能使个人变得稀缺和不可替代；反过来，把岗位低下转化为傲慢、怨恨和对他人社交资源的强索，才会让人进一步下沉。作者因此既要求低岗位劳动者接受他人不会平均分配社交资源的现实，也要求领导者尊重低岗位，因为保安、清洁、前台和客服的士气会决定企业效率，粗暴作践他们是极其昂贵的管理错误。","作者在该文中的明示判断及论证","仅作为该篇文本中的判断、条件和推理使用；跨文关系另行标记为研究重建。","3864","82389177-42f9-5e9b-bf5b-e50c1baa69f0","2019-12-30","低贱的事情","https://www.zhihu.com/question/356835825/answer/955654925","工作真的都是没有高下之分的吗？","True","screened"
"E17","劳动、职业与事业","作者主张，稳定收入几乎是一个伪命题：固定月薪可能被裁员、企业倒闭、主动投机或赌博等因素破坏，历史上连续发薪也不能证明未来财务安全。因此，与其问“现在每月赚多少”，不如看一个人能否理解钱在社会中的生产和分配机制，是否有可靠的方法获得收益，并考察其消费观和财富观。作者把财务系统比作水利设施，强调经营者应研究河流、地形、气候和水流，再建设防涝保旱、截取和分润的设施，而不是靠祈雨、蛮力挑水或忍饥挨饿。即使收入高、家庭储备厚，如果价值观是纵欲消费、赌博或快速挥霍，财务预期仍不能乐观；反过来，具备良好经营和消费理念的人可以从无到有地积累财富。","作者在该文中的明示判断及论证","仅作为该篇文本中的判断、条件和推理使用；跨文关系另行标记为研究重建。","1410","f3104f64-9be9-5421-b721-f1dd30783dfd","2024-08-04","稳定收入","https://afdian.com/p/2eeaa9c4520311efa15452540025c377","重要的是这个人是否理解钱在社会中的生产和分配机制，有没有可靠的从这机制中获得收益的系统的方法论","True","screened"
"E18","劳动、职业与事业","作者认为东亚年轻人通常不会长期拒绝劳动，失业率高的核心问题在于没有创造足够的就业机会，而不是青年“摆烂”。文章把充分就业概括成两条道路：启动永远做不完的宏伟事业，或把“多余的人”组织成军队发动战争；前者需要高度安全的世界共主，后者是没人愿意走的坏路。作者进一步把资本主义国家尤其是美国描写成从经济危机中获利、阻断社会主义国家安全和发展道路的统治集团，因而主张只有打破资本主义意识形态的世界统治，人类才可能摆脱失业诅咒。","作者在该文中的明示判断及论证","仅作为该篇文本中的判断、条件和推理使用；跨文关系另行标记为研究重建。","2733","02b905db-f897-5f58-89a0-8cf878a85d91","2022-06-21","失业率高","https://www.zhihu.com/question/533260345/answer/2538697233","其实要实现充分就业，有两条康庄大道——","True","screened"
"E19","成本、价格与交换","本文主张感谢必须立刻转化为打钱、帮忙、分担工作、降低生存压力或提供安全保障，而不能用热烈话语替代实际付出。口头感谢常给感谢者带来“我有情有义”的即时快感和“将来会报答”的长尾快感，却没有减轻受感谢者的负担，甚至增加礼仪成本；这种落差会使帮助者失望、关闭开放性助人态度，甚至把失望转化为对“空口感激”的报复。文章最后把行动性感谢提升为父母教育要求：不能把孩子的口头表达误认成已经懂得感恩。","作者在该文中的明示判断及论证","仅作为该篇文本中的判断、条件和推理使用；跨文关系另行标记为研究重建。","3378","88f6cc45-e9e6-5f6e-be62-c55309d38e84","2021-04-27","感谢","https://www.zhihu.com/question/21723111/answer/1857318376","每一个有相当程度的帮助他人的经验的人，都会很清楚的看到这一点","True","screened"
"E20","成本、价格与交换","作者认为，所谓社会残忍，往往不是别人拒绝满足你的要求，而是你把朋友身份理解成对方必须在自身利益受损时继续帮助你。通过从无条件赠与一直排列到礼貌拒绝，作者迫使读者判断自己愿意把“不够朋友”的红线划在哪里，再要求读者把同一标准换位到自己作为李四时是否也能接受。宽容度越高的人，越容易开口、越不因被拒绝而失去关系和未来机会，作者甚至断言其获得的借款条件通常也更好。因此，真正残忍的不是世界不允许朋友比陌生人更优待，而是一些人要求朋友对自己比对陌生人更不公平，却把拒绝这种要求称为虚伪、背叛和社会冷酷。","作者在该文中的明示判断及论证","仅作为该篇文本中的判断、条件和推理使用；跨文关系另行标记为研究重建。","1060","19b784e5-fd00-52e6-a16f-749fd6ae76cf","2024-12-30","十分残忍","https://afdian.com/p/6c7145a2c6be11efae155254001e7c00","李四们纷纷给残忍的世界点赞","True","screened"
"E21","成本、价格与交换","文章认为，收入越高，人们越会提高住房、教育和医疗标准，贷款提前消费后，疾病或行业波动会使家庭迅速失去习惯生活；脆弱的高水平生活不如低水平但稳定的“无花果树”供养轻松。真正闲适来自与个人劳动相对独立、向下有储蓄保障、向上有客观上限的双向稳定被动收入；建立专利、企业、版权、土地、房产或投资资产后，应把收入分成储蓄、建设性娱乐和生活支出，按照稳定收入设定生活水平，再将新领域当作无须赚钱的游历、研学、公益或创作。","作者在该文中的明示判断及论证","仅作为该篇文本中的判断、条件和推理使用；跨文关系另行标记为研究重建。","574","e82e61e8-bb5c-5ddc-aa7a-e3ab0f3f3de9","2025-09-17","逍遥","https://afdian.com/p/23ff53fc8e7f11f0a9dd5254001e7c00","脆弱的幸福不是快乐，颠扑不破的幸福才是","True","screened"
"E22","成本、价格与交换","作者认为，面子即声望、信誉、易合作性、低报复性和建设性等社会资本，是尤其对货币资本不足的年轻人和穷人极重要的资产。男生主张三块钱权益本身未必错误，问题在于采用成本高、效果不稳、破坏社会资本的策略；伴侣担心的不是三块钱，而是合作关系和未来机会被这种行为持续消耗。","作者在该文中的明示判断及论证","仅作为该篇文本中的判断、条件和推理使用；跨文关系另行标记为研究重建。","1688","8be80072-b42a-569b-9b77-f4ca432b3fea","2024-03-19","面子","https://www.zhihu.com/question/648184251/answer/3435446030","给丢脸做一个准确的定义——“丢脸”就是个人社会资本的迅速流失","True","screened"
"E23","成本、价格与交换","作者认为，大资本可以在细分市场用低价和极薄利润获客、挤退对手，再通过销量、市场份额和正面舆论抬高估值；创始股东可以在高估值中出售或抵押股权，实现资本回收、税务优势和“负成本控股”，经营风险则转移给后来的流通股股民和银行。管理层没有多少本金暴露后，可能从追求产品品质转向管理舆情、收购或影响媒体、利用粉丝和股东共同体压制负面声音。作者强调这不只是小米问题，而是信息革命带来的新社会法则，需要在股票流通税、股权质押、资本外逃和企业活力之间寻找新的制度平衡。","作者在该文中的明示判断及论证","仅作为该篇文本中的判断、条件和推理使用；跨文关系另行标记为研究重建。","925","fd648025-66b6-56b1-976b-7c06ea8d47a8","2025-03-04","新奥义","https://afdian.com/p/7321f15cf70211efbbcc52540025c377","不要把这篇东西看作是针对小米，因为小米只不过是信息革命所造成的新社会法则的领先适应者之一","True","screened"
"E24","成本、价格与交换","本文把家庭物资理解成一个有限容量、会影响生活质量的“物质机体”。囤积无用之物不是单纯占地方，而是让身体的一部分坏死；合理的拥有应当建立在选购高质量、爱惜使用、持续更新和循环回收上。通过闲鱼把物品的二手价格当作使用押金、把买家群体当作资产，个人可以在维持高质量生活的同时不断精炼物资，最终自然整洁。本文因此把“囤积”从堆积改写为循环、管理和传承。","作者在该文中的明示判断及论证","仅作为该篇文本中的判断、条件和推理使用；跨文关系另行标记为研究重建。","3683","6dfd5709-1c83-5346-a48a-b83753ddf7d8","2020-08-21","循环买卖","https://www.zhihu.com/question/401778961/answer/1424763674","最后算下来，一年用在手机上的钱大概也就千把块（只是买入卖出的差价），但是一直用的是顶配，从来不存在卡顿这类体验","True","screened"
"E25","企业、资本与利润","本文把资本家定义为出借资本、分享利润、只作出投资对象、金额和方式决策的人，把同时出资本并参与生产决策的人定义为兼具资本家身份的企业家。资本家关心资金成本、风险、利润、汇率和税收，企业家关心人力、专业、市场、产品和流程，两者最好通过所有权与经营权分离来区隔。作者认为中国中小企业老板通常主要是企业家而非纯粹资本家；随着资本供给越来越不稀缺、人才、思想和独特性变稀缺，以及公共资本和公共金融扩大，私人资本最终会被边缘化。因此个人应羡慕和追求做成事情的企业家，而不是被动分享利润的资本家。","作者在该文中的明示判断及论证","仅作为该篇文本中的判断、条件和推理使用；跨文关系另行标记为研究重建。","3175","ad556f54-6be5-5da3-ae98-0591d1ff359a","2021-07-27","资本家2","https://www.zhihu.com/question/465354913/answer/2023654379","资本家，是指以出借资本来分享利润的人","True","screened"
"E26","企业、资本与利润","本文试图区分“经济交换中的议价和剥削”与“在有选择和有义务时作出贪婪选择”的罪恶。作者用供货合同和企业改制的思想实验说明，如果采购企业与供应企业的关系都叫剥削，消灭剥削就只能连商品经济一起消灭，退回中央调拨；如果把雇佣关系改写成一批个人独资企业之间的协作，支付不变，剥削的标签也不会自动消失。对工厂劳动，作者认为恶劣工厂可能是失地、无资源工人的救命稻草，单靠批评工厂主而不提供救济、税收或替代工作，是空洞的道德表演。真正的资本主义罪恶在历史上的领主：他们先收回土地制造绝境，再拥有更先进的生产方式，却没有吸纳全部失地农民、让多数人共享本可实现的更好生活；这既是对人民的背叛，也是对贵族承担牧养和保护义务的宗教契约的背叛。马克思由此才走向消灭私有制和封建制的方案。文章最后把这种历史条件与中国企业主区分开，认为中国长期处于生存危机，中国小企业主即使工厂条件恶劣、待遇微薄，也不当然背负西方领主式原罪，因为他们没有把人抛入绝境并强迫其接受低待遇的权柄。","作者在该文中的明示判断及论证","仅作为该篇文本中的判断、条件和推理使用；跨文关系另行标记为研究重建。","3863","e0f2d1a4-bb3d-52c4-b1ab-2e6dcedc5021","2019-12-30","“资本家”","https://www.zhihu.com/question/326598463/answer/955706470","如果一个企业跟另一个企业签供货合同，是否采购方在剥削供应方？","True","screened"
"E27","企业、资本与利润","作者认为，股东身份和员工劳动是两种不同关系；股东即使拥有大部分股份，只要在公司劳动，就应先领取与劳动对应的工资，扣除包括股东本人在内的工资后，剩余才是可分配利润。若大股东不领工资，把全部收入算成利润，会使小股东按比例分得较少，构成对小股东的隐性剥削。作者用70%大股东、30%小股东、年收入100万和月薪2万的例子计算出差额，强调借款、投资、股份和工资不能用“聪明抵销”混成三角债；除个人独资外，不给自身劳动计薪会制造“公司没有亏钱”的幻觉。","作者在该文中的明示判断及论证","仅作为该篇文本中的判断、条件和推理使用；跨文关系另行标记为研究重建。","1919","24745618-afa7-5536-a211-6f4d8830ec53","2023-11-19","股东打工","https://www.zhihu.com/question/630838257/answer/3294602800","股东是股东，工资是工资，两码事","True","screened"
"E28","企业、资本与利润","本文把可合伙的朋友定义为“自觉负有更多尊重对方权利边界义务”的人，而不是“自认拥有越过边界特权”的人。第一种朋友观把友谊当作保安服务：朋友平时要通过站台、便利和越界特权支付维持费用，真正需要出动时还要重新计算风险与报酬；这种模式适合抱团抵御外敌，不适合现代商业合伙。第二种朋友观则把友谊定义为比普通人更严格地保护对方权利、主动把自己的利益后置，因而可以在边界清楚的前提下授予外人不能获得的特殊权限。文章最后仍保留条件性：找到这种朋友是合伙的前提之一，但不能保证商业成功。","作者在该文中的明示判断及论证","仅作为该篇文本中的判断、条件和推理使用；跨文关系另行标记为研究重建。","3463","95d56649-1036-5b30-b30e-c5c1c7f93fb4","2021-03-01","朋友合伙","https://www.zhihu.com/question/24090827/answer/1756246516","到底是自认拥有越过权利边界特权的人，","True","screened"
"E29","企业、资本与利润","作者主张非营利组织可以、也应该盈利，但利润不是组织会计结算的本位指标；本位指标应是单位资助造就的人才数量、服务对象改善程度或组织追求的其他使命成果。组织应给专家足够有竞争力的薪资、使用最好的装备并积累盈余，以形成社会服务的质量和价格基线，迫使商业组织超过这条基线。若专家正常收费一万元、组织只有两千预算，可以让专家指定捐出八千，再按一万元满额支付，而不应把专业服务直接砍价到两千。大众强加的“不准收钱、不准盈利”限制，反而会损害组织能力、压低服务质量并背离慈善使命。","作者在该文中的明示判断及论证","仅作为该篇文本中的判断、条件和推理使用；跨文关系另行标记为研究重建。","1281","a494a8bf-a0e7-5876-b12c-42d907453d88","2024-09-22","不盈利组织","https://afdian.com/p/34272be478bc11efa91052540025c377","非盈利组织反而恰恰应该“财大气粗","True","screened"
"E30","企业、资本与利润","本文认为，以政策奖励刺激战略产业容易出现骗补和失败，但不能因为结果失败就简单反推出执行者有罪，尤其不能要求一个缺乏专业执行者的早期体系同时做到大胆试错和零错误。大型经济体中，数十亿甚至上百亿的失败可能是摸清班子、团队和机制是否可靠的正常试错成本。作者进一步主张，计划经济并不等于只指定一家机构，中央规划者也可以设计多家机构参与的受控竞争；只要逐渐学会识别哪些领域适合受控竞争，中国体制就可能在某些场景不弱于纯自由竞争。武汉弘芯因此被放在“需要干预、总结和修补的战术失败”位置，而不是足以否定整体战略的失败。","作者在该文中的明示判断及论证","仅作为该篇文本中的判断、条件和推理使用；跨文关系另行标记为研究重建。","3677","5acee43d-6551-5368-a690-20067a2a73be","2020-08-28","两害相权","https://www.zhihu.com/question/417455424/answer/1438157258","以不教民战也罢了，如过因为战事不顺还要拿不教民问罪，这在组织伦理上无法服众","True","screened"
"E31","市场、分配与公共财富","本文的文本内主张是，最低工资、禁止解雇和类似福利底线会保护在职劳动者，却通过提高雇主成本、抬高就业门槛、减少职位而伤害失业和待业者；高失业率反过来又给资本家压低工资和加大压榨提供谈判筹码。作者用“50个失业者面对每一个职位”的杠杆模型说明，低端劳动者最需要的是大量可进入的工作，而不是“只要有工作就体面”的高门槛。因而劳动定价不应由劳动法强行规定，合法的低端工作和消费降级应当存在，否则人一旦被辞退就从体面人直接跌到无合法工作可做的状态。","作者在该文中的明示判断及论证","仅作为该篇文本中的判断、条件和推理使用；跨文关系另行标记为研究重建。","3211","ee36d234-5f48-5021-98d7-d9be1bb38949","2021-07-10","政策干预劳动定价","https://www.zhihu.com/question/461831891/answer/1990616772","失业人口所造成的对就业人口的威胁和压力是有杠杆性的——四两压千斤的杠杆性","True","screened"
"E32","市场、分配与公共财富","作者认为，政策解读不能停留在标题和篇首语，也不能因为某领域出台政策就反推该领域“已经不行”；真正重要的是具体措施及其可能的落实机制。","作者在该文中的明示判断及论证","仅作为该篇文本中的判断、条件和推理使用；跨文关系另行标记为研究重建。","1249","5d1f3c9c-7df6-520f-99ce-2e2aa575f34f","2024-09-30","政策观察","https://www.zhihu.com/question/668221258/answer/3851659315","重点在于这逐条列出的具体政策、办法，而不是那个标题、那个篇首语","True","screened"
"E33","市场、分配与公共财富","作者认为，判断纷争正义与否，不能依赖初始原因、谁先动手或谁违反了哪条抽象规则，因为这些标准通常只是参与者选择有利法则、寻找同盟的政治性表态。真正中立的旁观者只关心纷争尽快结束、总体力量尽量保留，因此会帮助更有让步余地的一方迫使更有让步余地的一方停止争夺；若弱者足以相持，支持弱者是最低成本的终止方式，若弱者无力相持，旁观者反而会帮助强者击垮它。作者将这一总体生存概率最大化原则称为自然法，并进一步要求个人在现实纷争中忘记“谁先动手”的幼儿园法则，识别力量结构、抢占胜位、形成“不怒自威”。","作者在该文中的明示判断及论证","仅作为该篇文本中的判断、条件和推理使用；跨文关系另行标记为研究重建。","2893","bcc2b54c-9a03-5934-a854-2f628cf53ede","2022-03-05","实践中的正义","https://www.zhihu.com/question/518517937/answer/2374713334","让步余地更大，却选择不让步而宁可纷争发生/持续/升级","True","screened"
"E34","市场、分配与公共财富","本文认为，普遍发现金会以无成本资金冲击供求信号，造成资源错配和无效率；更好的方案是把救济做成有用途、有偿还关系、与社会信用挂钩的全民个人贷。作者认为中国的全民所有公共服务和既有国企效率成本，使这种方案在中国更易操作，并能把救助转化为金融信用积累、经济活动扩张和全民所有制的制度展示。","作者在该文中的明示判断及论证","仅作为该篇文本中的判断、条件和推理使用；跨文关系另行标记为研究重建。","3811","01ed2146-0b15-5629-98f1-174a630ce792","2020-03-29","撒钱","https://www.zhihu.com/question/381589317/answer/1112686370","更好的政策是给每个人批准一定的低息专项贷款额度，并将这种全民个人贷与社会信用体系挂钩","True","screened"
"E35","市场、分配与公共财富","扩大消费的关键增量不只是发钱、补贴、收税或继续建设物质基础设施，而是强力保护消费者权益，特别是通过集体诉讼、惩罚性判罚和对直接面向消费者的恶性企业进行示范性惩治，建立“被骗会有人管”的消费安全预期。作者认为消费者花大钱本质上是在投资身体、教育、体面生活和竞争力；如果契约和司法不可靠，消费者就会把钱留在手里，劣质企业也会挤压优质企业和劳动力。","作者在该文中的明示判断及论证","仅作为该篇文本中的判断、条件和推理使用；跨文关系另行标记为研究重建。","1658","f25829ec-b7fe-55be-bef2-5c53dd2aaee3","2024-04-02","消费反腐","https://www.zhihu.com/question/606930994/answer/3452449142","因为消费者们花钱——尤其是花大钱——在本质上根本不是消费，而是投资","True","screened"
"E36","市场、分配与公共财富","本文认为，人类总体产出已经足以养活人口，但自动化、教育和生产率提升会让经济需要的劳动力越来越少，因而问题不在能否生产，而在谁有资格获得生产成果。若继续以劳动不可替代性分配收益，权力和财富会集中到精英及有工作的一家之主手中；作者把大额遗产税、所得税和再分配视为数学上唯一有效的补救，并认为这将迫使政府超越小政府和守夜人角色。","作者在该文中的明示判断及论证","仅作为该篇文本中的判断、条件和推理使用；跨文关系另行标记为研究重建。","3794","1a0c33e3-e996-5f61-a55e-751991bbdfa0","2020-05-13","全球化与失业","https://www.zhihu.com/question/333947385/answer/1219847484","真正的问题是“按劳分配”作为天然默认的分配制度，其合理性——至少是有效性——正在受到颠覆性的挑战","True","screened"
"E37","投资、风险与信用","作者认为，许多所谓“善良没有回报”的事例，其实是善意没有达到“最小可用规模”，受助者根本没有得到可使用的帮助；真正成熟的行善必须像一个可行项目，既帮助对方、覆盖自身成本和风险，又能产生回报或可积累的经验。","作者在该文中的明示判断及论证","仅作为该篇文本中的判断、条件和推理使用；跨文关系另行标记为研究重建。","1727","84ddbd0d-bd90-598a-97b2-5f07a00a8b43","2024-03-05","富天使","https://www.zhihu.com/question/407550109/answer/3418820688","未达到“最小可用规模”的善良，本质上并不构成有效的善良","True","screened"
"E38","投资、风险与信用","作者承认一般投资确实期待回报，但认为“天使投资”是没有抵押、没有保证、愿赌服输的特殊投资，具有不需被投者同意即可开始、也不受被投者拒绝影响的逻辑特权。父母对孩子的投入即使不完全属于天使投资，也含有很大部分天使投资性质，因此不需要子女同意；文章最后又把这种纯粹的天使投资等同于爱，并断言每个人都需要它。","作者在该文中的明示判断及论证","仅作为该篇文本中的判断、条件和推理使用；跨文关系另行标记为研究重建。","2291","0e512935-2113-5937-a16c-60ca8f8a08f9","2023-04-20","天使投资","https://www.zhihu.com/question/475928433/answer/2991902081","天使投资拥有一种逻辑特权——它既不需要通过你同意才开始，也不会因你拒绝而变得无以为继","True","screened"
"E39","投资、风险与信用","作者认为，理想的证券投资应建立在长期稳定的正业、专业声誉、团队和客户现金流之上。年轻阶段应把主要资源用于接触真实业务、形成专业能力和事业根基，只以保险、基金定投和小额长期持股保持市场联系；中年后事业能持续产生现金流、个人经历过市场波动且具备行业判断时，才有条件以较轻松的心态积极交易，甚至进一步考虑发行股票和承担社会责任。","作者在该文中的明示判断及论证","仅作为该篇文本中的判断、条件和推理使用；跨文关系另行标记为研究重建。","1210","62835eb1-afbb-568f-9c83-3774e957f10c","2024-10-12","财路通天","https://www.zhihu.com/question/419997323/answer/4982350943","稳坐钓鱼台，经历风吹雨打，去除火性","True","screened"
"E40","投资、风险与信用","作者认为，欧美私人建设项目的烂尾常是业主在成本冲击后不愿低价出售、等待转手的僵持阶段；中国的烂尾则嵌在全民所有土地和建设期限制度中，超过期限并用尽延期后，土地可被罚款并收回，开发商和银行吸收相应损失。文章进一步把中国房地产和地方债问题的根源归于快速城镇化时期的高杠杆信贷，并认为全民所有制使国家能够把风险留在国内、完成规模巨大的城市化建设，因此问题总体可控，不应在历史关头作出错误判断。","作者在该文中的明示判断及论证","仅作为该篇文本中的判断、条件和推理使用；跨文关系另行标记为研究重建。","2708","d259c0c0-7071-5286-a949-17610195fbc1","2022-06-30","烂尾","https://www.zhihu.com/question/525658005/answer/2552207612","金融市场越发达，市场越自由，营建工程越容易证券化、期货化","True","screened"
"E41","投资、风险与信用","本文反对把一方全部收入交由另一方控制，主张双方各自支配自己赚取的收入，只把固定额度纳入家庭共同开支账户，并在共同同意下投资、共同承担风险和均分收益。对等支付义务应带来对等议事权，经济困难可以记为暂欠，但不能因此取消人格平等；共同账户之外的资金不应被另一方干预，礼物和赠款也属于收取者的私人财产。作者认为，这种边界能保护关系中的独立人格和心理安全，而全额上交会制造亏欠、猜疑和以控制为名的虚假安全感。","作者在该文中的明示判断及论证","仅作为该篇文本中的判断、条件和推理使用；跨文关系另行标记为研究重建。","3347","801d6c57-141e-5fbd-90b3-ac3843ef235a","2021-05-07","收入管理共识","https://www.zhihu.com/question/446421532/answer/1872341151","谁赚的，还是归谁自己支配","True","screened"
"E42","投资、风险与信用","作者主张，只要没有触犯未成年人保护、义务教育等法律明文规定，社会就应允许父母摆脱传统限制进行探索；过度用舆论和传统压制共识之外的选择，会造成文化单调、战略脆弱和内在繁荣不足。文末又把这种家庭教育试验连接到作者对中国经济需求结构的宏观判断，要求公众尤其宽容并鼓励拥有较强教育背景和抗风险能力的父母进行探索，以培养社会中的“奇才”“怪才”和多样化需求。","作者在该文中的明示判断及论证","仅作为该篇文本中的判断、条件和推理使用；跨文关系另行标记为研究重建。","934","adbedec8-cb9d-533a-b7c6-294be4d7c19c","2025-02-26","火星劝退者","https://www.zhihu.com/question/462817977/answer/111143242436","社会还需要足够的多样性，以保证社会对一切难以预料的特殊风险的韧性和弹性。","True","screened"
"E43","慈善、救济与赠与","本文提出一套极不符合通常慈善审美的判断：针对结构性贫困，救济往往只能提供没有侵占和转卖价值的最低维生支持，否则强者会挤占资源、免费服务会摧毁低端商业，改善生活又可能削弱主观努力；但救助者本人却应得到尽可能好的医疗、饮食和住宿，因为保护救助者的生命才符合穷苦人的长远利益。作者进一步否定捐款人当然干预善款用途和要求完整账目的权利，主张通过“买现货、不买期货”来降低信任风险，最后以 CARITAS 的伦理说明真正的慈善不是施者等待感恩，而是受者的接受成全施者，受者反而是施者的恩人。","作者在该文中的明示判断及论证","仅作为该篇文本中的判断、条件和推理使用；跨文关系另行标记为研究重建。","4007","ca18e138-9e1b-564a-928b-eeb0fa966c58","2018-11-18","慈善","https://www.zhihu.com/question/24064243/answer/533635981","做慈善是有常人往往不愿接受的戒律的——它的的确确只能是痛苦的延续，而不能是痛苦的解除","True","screened"
"E44","慈善、救济与赠与","作者认为，慈善不是仅凭善意和公众喝彩就能持续的事业，必须有坚实现金流，由希望该服务继续存在的人群承担成本。若免费事业没有持续资助，经营者仍沉迷于受瞩目的“免费撒糖”，就是把个人享乐误认成正义，最终可能自取灭亡。作者把财务不可持续解释为事业目标或执行者能力未获现实许可，而不只归咎于美国制度。","作者在该文中的明示判断及论证","仅作为该篇文本中的判断、条件和推理使用；跨文关系另行标记为研究重建。","1399","6a1c9f04-6343-5879-8ee2-fb53ad960c06","2024-08-10","一意孤行的慈善","https://www.zhihu.com/question/663738997/answer/3590106183","如果要经营慈善性事业，也必须建立坚实的现金流","True","screened"
"E45","慈善、救济与赠与","本文认为，《约伯记》的关键意义不是解释上帝为什么让约伯受苦，而是把神的存在与人的遭遇是否公平彻底分开。信仰不再是“我行善，所以神必须给我福利”的交易；善是没有对价的义务，苦难也可能不是因罪受罚，而是因为某些艰难而必要的使命只能由义人承担。这样一种“不公平”的信仰条款会让信徒失去用失败否定神的理由，也让真正的善行不再以报偿为动机；但它同时要求人承受现世无回报、甚至看不见意义的重负。","作者在该文中的明示判断及论证","仅作为该篇文本中的判断、条件和推理使用；跨文关系另行标记为研究重建。","3952","0d2e3bdf-c978-59ad-b127-abde090ff2c0","2019-03-15","约伯","https://www.zhihu.com/question/20365357/answer/623230181","你行善，是一种义务，没有任何对价的义务","True","screened"
"E46","慈善、救济与赠与","捐款者身份、金额和未捐信息应受到隐私遮蔽，所有人都应拥有“你怎么知道我没捐”的合理保护；公开捐赠名单、金额和表彰会让未捐或少捐者受到金融信用、社会信用和道德评价惩罚，名义上的自愿就变成不给就受罚的征收。只有完全没有面向任何人提出捐赠要求、某人出于意外主动捐出个人收藏、房产和书籍等情况下，公开表彰才不制造他人“你怎么能不捐”的压力。真正回报捐赠者，应把被支持的事情做好，而不是用扬名与捐款做银货两讫的交易。","作者在该文中的明示判断及论证","仅作为该篇文本中的判断、条件和推理使用；跨文关系另行标记为研究重建。","405","573f8956-6421-5814-9fc2-2e3a7b44994c","2025-12-25","沽名","https://www.zhihu.com/question/1987130967953994558","一旦打破这个禁忌，所谓的“捐款”就会转化为“道德税","True","screened"
"E47","慈善、救济与赠与","作者主张公益组织应把捐款集中到慈善账户，参与者完成工作后按应得标准领取报酬；不愿保留报酬的人可以再捐回去。这样既便于追责，也能购买必要的专业服务并利用税收优惠扩大投入。加入慈善的动力不只来自金钱，而来自自我实现、心理健康、人际关系和伦理生活等无法用金钱直接衡量的收益。","作者在该文中的明示判断及论证","仅作为该篇文本中的判断、条件和推理使用；跨文关系另行标记为研究重建。","1207","12b3a66a-1dac-5dc5-acb1-70a340b1d086","2024-10-14","出力不出钱","https://www.zhihu.com/question/470614895/answer/5160619039","慈善事业是人最高等级的自我实现，本身就是一种强烈的需求","True","screened"
"E48","慈善、救济与赠与","文章主张以“坚强核心”替代松散的“群策群力”：由一个准备独力兜底、先与律师和其他专家核算成本风险及获利空间的人掌握最终决策权，再有选择地吸收愿意付费、提供证据和关系资源的参与者。维权的目标首先是通过足够的施压换取有利和解，其次才是诉讼、执行以及由此延伸出的法律服务、业委会影响力和房产升值；因此作者明确拒绝“义务劳动”，把依赖他人劳动却不付费归为懒惰问题。","作者在该文中的明示判断及论证","仅作为该篇文本中的判断、条件和推理使用；跨文关系另行标记为研究重建。","556","4d062658-1929-52f2-9973-0ab98d5d74f4","2025-09-29","维权","https://www.zhihu.com/question/1956025335612158495/answer/1956056249411015064","我是在将本逐利，是在寻求廉价可行的利润，不是在“追求正义”“出口恶气","True","screened"
